call_id,call_datetime,end_time,duration_sec,talk_sec,call_status,buyer_glid,seller_glid,caller_circle,caller_operator,mcat_id,transfer_flag
676019344,2026-04-08 11:33:43,11:34:58,74,66,Connected,73063633.0,682581,Andhra Pradesh,Bharti Airtel (GSM),33567.0,0
678548051,2026-04-21 20:43:36,20:45:28,111,82,Not connected,116607767.0,682581,Gujarat,Reliance Jio (GSM),33567.0,2
679226861,2026-04-25 15:12:13,15:13:16,62,58,Connected,46139673.0,682581,Gujarat,Reliance Jio (GSM),226794.0,0
680972352,2026-05-06 09:51:07,09:52:02,55,50,Connected,5164624.0,682581,Gujarat,Reliance Jio (GSM),33567.0,0
685027503,2026-05-29 11:14:47,11:15:47,59,52,Connected,54878477.0,682581,Maharashtra and Goa,Bharti Airtel (GSM),101814.0,0
686529531,2026-06-07 10:06:00,10:06:33,32,2,Not connected,115339459.0,682581,Maharashtra and Goa,Reliance Jio (GSM),101814.0,3
687464282,2026-06-12 16:06:19,16:07:59,100,93,Connected,54878477.0,682581,Maharashtra and Goa,Bharti Airtel (GSM),101814.0,0
685963642,2026-06-03 18:53:56,18:54:27,31,2,Not connected,16436139.0,120472012,Maharashtra and Goa,Vodafone Idea Limited,35731.0,3
689129157,2026-06-22 17:06:50,17:07:09,18,5,Connected,213267831.0,243689317,Gujarat,Reliance Jio (GSM),35345.0,0
689632379,2026-06-25 13:33:18,13:33:20,1,0,Not connected,151666895.0,243689317,Gujarat,Reliance Jio (GSM),35345.0,0
688907788,2026-06-21 11:28:45,11:29:00,15,0,Not connected,56013257.0,266785057,UP West and Uttaranchal,Reliance Jio (GSM),183031.0,0
694998317,2026-07-26 15:19:28,15:21:35,127,112,Connected,113759812.0,682581,Gujarat,Reliance Jio (GSM),33567.0,0
693061209,2026-07-15 13:35:50,13:36:15,24,0,Not connected,233786354.0,95568576,Rajasthan,Reliance Jio (GSM),,0
693598270,2026-07-18 12:07:50,12:10:28,157,127,Not connected,245806187.0,95568576,Orissa,Reliance Jio (GSM),,3
694618723,2026-07-24 11:35:21,11:36:02,41,5,Not connected,133371311.0,95568576,Delhi,Bharti Airtel (GSM),,3
694668062,2026-07-24 14:15:57,14:16:44,46,11,Not connected,187456753.0,95568576,Delhi,Bharti Airtel (GSM),,3
694846149,2026-07-25 14:16:12,14:16:36,24,14,Connected,105820822.0,95568576,Delhi,Vodafone (GSM),,0
694847139,2026-07-25 14:18:36,14:20:21,105,95,Connected,105820822.0,95568576,Delhi,Vodafone (GSM),,0
695342590,2026-07-28 14:51:14,14:51:32,17,0,Not connected,64788613.0,95568576,Delhi,Bharti Airtel (GSM),,0
695341842,2026-07-28 14:48:24,14:49:04,39,0,Not connected,64788613.0,95568576,Delhi,Bharti Airtel (GSM),,3
695642126,2026-07-30 10:01:27,10:03:01,93,57,Not connected,272504319.0,95568576,Bihar and Jharkhand,Bharti Airtel (GSM),,2
695700797,2026-07-30 13:11:14,13:12:31,76,66,Connected,250125191.0,95568576,Maharashtra and Goa,Reliance Jio (GSM),,0
695816698,2026-07-30 20:44:12,20:45:35,83,57,Connected,80666657.0,95568576,Delhi,Reliance Jio (GSM),,0
692768383,2026-07-13 19:21:39,19:21:43,4,0,Not connected,242607212.0,243689317,Mumbai,Reliance Jio (GSM),35345.0,0
693862952,2026-07-20 10:59:57,11:03:52,234,205,Not connected,38588107.0,243689317,Gujarat,Reliance Jio (GSM),35345.0,3
696192844,2026-08-02 09:04:23,09:04:28,5,0,Not connected,55410288.0,95568576,UP East,Reliance Jio (GSM),,0
696813728,2026-08-05 16:24:27,16:26:18,110,91,Connected,183493549.0,95568576,Rajasthan,Reliance Jio (GSM),,0
696995730,2026-08-06 15:52:05,15:53:25,79,71,Connected,248137520.0,95568576,Rajasthan,Bharti Airtel (GSM),,0
697130213,2026-08-07 12:33:26,12:35:12,106,92,Connected,38922949.0,95568576,Delhi,Bharti Airtel (GSM),,0
697130460,2026-08-07 12:35:22,12:35:57,35,21,Connected,38922949.0,95568576,Delhi,Bharti Airtel (GSM),,0
697309055,2026-08-08 12:03:09,12:05:15,126,108,Connected,28057117.0,95568576,Delhi,Bharti Airtel (GSM),,0
697309975,2026-08-08 12:05:43,12:07:58,134,127,Connected,28057117.0,95568576,Delhi,Bharti Airtel (GSM),,0
697743544,2026-08-10 20:03:03,20:03:36,33,0,Not connected,6020547.0,95568576,Rajasthan,Bharti Airtel (GSM),,0
697836076,2026-08-11 13:34:29,13:36:49,139,123,Connected,273096496.0,95568576,Bihar and Jharkhand,Bharti Airtel (GSM),,0
697883647,2026-08-11 16:09:03,16:10:46,102,91,Connected,66733141.0,95568576,Rajasthan,Reliance Jio (GSM),,0
698236232,2026-08-13 13:58:32,14:01:09,156,130,Connected,48881004.0,95568576,,,,0
698006159,2026-08-12 12:18:55,12:20:41,106,99,Connected,237002689.0,95568576,Orissa,Bharti Airtel (GSM),,0
698067812,2026-08-12 15:31:10,15:31:59,48,35,Connected,59487452.0,95568576,,,,0
698297666,2026-08-13 17:22:25,17:26:32,246,238,Connected,273215174.0,95568576,UP East,Vodafone Idea Limited,,0
698307854,2026-08-13 18:04:34,18:05:31,57,50,Connected,30000628.0,95568576,Punjab,Bharti Airtel (GSM),,0
698317541,2026-08-13 18:43:07,18:47:19,252,236,Connected,128356686.0,95568576,Delhi,Bharti Airtel (GSM),,0
698591539,2026-08-15 15:45:21,15:46:09,48,29,Connected,273307519.0,95568576,Bihar and Jharkhand,Bharti Airtel (GSM),,0
698592586,2026-08-15 15:50:20,15:52:23,122,109,Connected,52326917.0,95568576,Delhi,Bharti Airtel (GSM),,0
698592813,2026-08-15 15:53:43,15:53:43,0,0,Not connected,52326917.0,95568576,Delhi,Bharti Airtel (GSM),,0
698593317,2026-08-15 15:54:56,15:56:30,93,86,Connected,273307519.0,95568576,Bihar and Jharkhand,Bharti Airtel (GSM),,0
698595567,2026-08-15 16:06:19,16:09:19,180,173,Connected,273307519.0,95568576,Bihar and Jharkhand,Bharti Airtel (GSM),,0
698627055,2026-08-15 19:33:51,19:35:23,91,58,Connected,239139747.0,95568576,Bihar and Jharkhand,Reliance Jio (GSM),,0
698728476,2026-08-16 17:37:30,17:38:34,63,57,Connected,241981866.0,95568576,MP and Chattisgarh,Reliance Jio (GSM),,0
698858483,2026-08-17 14:46:07,14:46:48,41,31,Connected,213614439.0,95568576,Delhi,Bharti Airtel (GSM),,0
698868154,2026-08-17 15:16:04,15:17:30,85,62,Connected,273402915.0,95568576,,,,0
699170944,2026-08-19 09:57:10,09:58:18,67,40,Connected,125650406.0,95568576,,,,0
699218242,2026-08-19 12:23:27,12:28:39,311,297,Connected,106371314.0,95568576,Delhi,Reliance Jio (GSM),,0
699983270,2026-08-23 12:55:56,12:57:36,99,83,Connected,84821096.0,95568576,Delhi,Vodafone (GSM),,0
699653482,2026-08-21 14:06:01,14:06:55,53,45,Connected,271114302.0,95568576,,,,0
699655453,2026-08-21 14:13:19,14:13:51,32,17,Connected,271114302.0,95568576,Delhi,Airtel,,0
699664763,2026-08-21 14:44:25,14:45:50,84,79,Connected,273615414.0,95568576,Delhi,Reliance Jio (GSM),,0
700318051,2026-08-25 12:55:34,12:57:00,85,75,Connected,36124517.0,95568576,Haryana,Reliance Jio (GSM),,0
700421434,2026-08-25 19:07:52,19:12:17,264,229,Not connected,273831478.0,95568576,Haryana,Vodafone Idea Limited,,2
700741328,2026-08-27 15:52:31,15:53:47,75,55,Connected,233081871.0,95568576,Gujarat,Bharti Airtel (GSM),,0
700741796,2026-08-27 15:55:27,15:55:39,11,1,Connected,233081871.0,95568576,Gujarat,Bharti Airtel (GSM),,0
700741734,2026-08-27 15:54:31,15:55:23,52,16,Not connected,233081871.0,95568576,Gujarat,Bharti Airtel (GSM),,2
700781908,2026-08-27 18:53:24,18:54:14,50,37,Connected,255217301.0,95568576,Karnataka,Reliance Jio (GSM),,0
700818287,2026-08-28 10:51:13,10:51:44,31,0,Not connected,145878277.0,95568576,,,,0
701234317,2026-08-31 11:52:52,11:54:17,85,60,Connected,14311984.0,95568576,UP West and Uttaranchal,Vodafone Idea Limited,,0
702334850,2026-09-06 11:53:23,11:54:31,67,55,Connected,50398681.0,682581,Gujarat,Vodafone (GSM),226794.0,0
705381783,2026-09-23 15:28:15,15:28:52,37,23,Connected,272613597.0,682581,Gujarat,Vodafone Idea Limited,32218.0,0
705382986,2026-09-23 15:31:35,15:32:43,68,65,Connected,272613597.0,682581,Gujarat,Vodafone Idea Limited,32218.0,0
705383977,2026-09-23 15:35:04,15:35:58,53,44,Connected,272613597.0,682581,Gujarat,Vodafone Idea Limited,32218.0,0
705382522,2026-09-23 15:30:44,15:31:23,38,0,Not connected,272613597.0,682581,Gujarat,Vodafone Idea Limited,32218.0,3
705704272,2026-09-25 11:34:24,11:36:35,131,100,Not connected,275369922.0,682581,Gujarat,Vodafone (GSM),32218.0,3
701708100,2026-09-02 16:05:29,16:07:17,108,99,Connected,155197622.0,95568576,Karnataka,Bharti Airtel (GSM),,0
701855076,2026-09-03 13:24:47,13:25:09,22,15,Connected,35318503.0,95568576,Delhi,Bharti Airtel (GSM),,0
701855649,2026-09-03 13:25:14,13:26:52,98,80,Connected,35318503.0,95568576,Delhi,Bharti Airtel (GSM),,0
701762646,2026-09-02 19:46:51,19:47:43,51,38,Connected,98308148.0,95568576,Andhra Pradesh,Reliance Jio (GSM),,0
701772303,2026-09-02 21:03:48,21:04:19,31,0,Not connected,225920961.0,95568576,,,,0
701997073,2026-09-04 11:17:39,11:18:36,56,38,Connected,53276806.0,95568576,Delhi,Bharti Airtel (GSM),,0
702044443,2026-09-04 13:58:53,13:59:59,66,46,Connected,81899318.0,95568576,,,,0
702212224,2026-09-05 13:51:31,13:52:52,80,66,Connected,44116796.0,95568576,Delhi,Reliance Jio (GSM),,0
703123599,2026-09-10 15:09:53,15:11:31,97,87,Connected,26103773.0,95568576,Delhi,Vodafone Idea Limited,,0
703127302,2026-09-10 15:22:36,15:23:25,49,35,Connected,26103773.0,95568576,Delhi,Vodafone Idea Limited,,0
703025741,2026-09-10 09:51:10,09:56:00,290,276,Connected,62759537.0,95568576,Delhi,Reliance Jio (GSM),,0
703024577,2026-09-10 09:48:42,09:49:24,42,7,Not connected,62759537.0,95568576,Delhi,Reliance Jio (GSM),,3
703172958,2026-09-10 17:58:38,18:00:53,134,111,Connected,274422770.0,95568576,Rajasthan,Reliance Jio (GSM),,0
703251764,2026-09-11 11:43:20,11:44:00,39,18,Connected,129677134.0,95568576,West Bengal,Reliance Jio (GSM),,0
703295520,2026-09-11 14:05:08,14:06:18,70,15,Not connected,274501897.0,95568576,Delhi,Vodafone (GSM),,3
703357285,2026-09-11 17:40:19,17:41:40,81,58,Connected,58518226.0,95568576,UP East,RJIO,,0
703508463,2026-09-12 15:40:55,15:41:03,7,0,Not connected,8187978.0,95568576,Rajasthan,Bharti Airtel (GSM),,0
703529538,2026-09-12 16:59:01,17:00:42,101,95,Connected,201278411.0,95568576,,,,0
703824678,2026-09-14 17:35:25,17:35:48,22,0,Not connected,31623817.0,95568576,Maharashtra and Goa,Reliance Jio (GSM),,0
703929147,2026-09-15 12:57:08,12:57:23,15,0,Not connected,5197606.0,95568576,Delhi,Vodafone (GSM),,0
703931006,2026-09-15 13:01:03,13:03:02,118,100,Connected,5197606.0,95568576,Delhi,Vodafone (GSM),,0
704324507,2026-09-17 14:25:28,14:26:26,58,47,Connected,15168978.0,95568576,Delhi,Bharti Airtel (GSM),,0
704330058,2026-09-17 14:43:44,14:45:46,121,113,Connected,54971715.0,95568576,Delhi,Bharti Airtel (GSM),,0
704330740,2026-09-17 14:45:31,14:48:15,163,151,Connected,224777977.0,95568576,Delhi,Reliance Jio (GSM),,0
704468976,2026-09-18 12:32:19,12:33:21,61,39,Connected,162117628.0,95568576,,,,0
704512626,2026-09-18 15:02:54,15:03:32,38,14,Connected,15856941.0,95568576,Delhi,Vodafone (GSM),,0
704621828,2026-09-19 11:07:27,11:08:54,87,66,Connected,274985492.0,95568576,Delhi,Bharti Airtel (GSM),,0
704623947,2026-09-19 11:12:46,11:16:03,197,158,Not connected,274985492.0,95568576,Delhi,Bharti Airtel (GSM),,3
705042010,2026-09-21 18:30:31,18:31:17,46,39,Connected,224699795.0,95568576,,,,0
705164660,2026-09-22 14:17:25,14:18:49,83,48,Not connected,48438946.0,95568576,UP East,Reliance Jio (GSM),,2
705166829,2026-09-22 14:25:14,14:25:51,36,1,Not connected,48438946.0,95568576,UP East,Reliance Jio (GSM),,3
705650393,2026-09-24 21:42:23,21:45:33,190,155,Not connected,225446303.0,95568576,UP East,Bharti Airtel (GSM),,2
705737225,2026-09-25 13:19:04,13:19:41,37,2,Not connected,88574976.0,95568576,Maharashtra and Goa,Reliance Jio (GSM),,3
706059261,2026-09-27 12:53:20,12:54:39,79,71,Connected,68697973.0,95568576,,,,0
706460467,2026-09-29 15:58:32,15:59:03,31,0,Not connected,228459163.0,95568576,,,,0
705220051,2026-09-22 17:16:19,17:19:10,170,163,Connected,268933253.0,96255123,MP and Chattisgarh,Airtel,24328.0,0
705221801,2026-09-22 17:25:04,17:25:24,19,9,Connected,268933253.0,96255123,MP and Chattisgarh,Airtel,24328.0,0
705247541,2026-09-22 19:21:02,19:21:42,40,31,Connected,45400633.0,96255123,Maharashtra and Goa,Reliance Jio (GSM),24328.0,0
705248351,2026-09-22 19:22:01,19:26:44,282,274,Connected,45400633.0,96255123,Maharashtra and Goa,Reliance Jio (GSM),24328.0,0
703520360,2026-09-12 16:24:55,16:25:25,30,0,Not connected,264550989.0,120472012,Maharashtra and Goa,Reliance Jio (GSM),35731.0,3
675626715,2026-04-06 12:21:32,12:31:43,611,600,Connected,40518825.0,26900399,Maharashtra and Goa,Bharti Airtel (GSM),22835.0,0
676884592,2026-04-13 08:10:57,08:13:11,134,128,Connected,190807475.0,26900399,Mumbai,Reliance Jio (GSM),29124.0,0
678236145,2026-04-20 12:53:49,12:55:14,85,76,Connected,229584260.0,26900399,Mumbai,Reliance Jio (GSM),29124.0,0
678059885,2026-04-19 08:52:19,08:53:52,92,85,Connected,10155448.0,26900399,,,29124.0,0
678162912,2026-04-19 20:42:52,20:43:39,46,35,Connected,129937674.0,26900399,,,29124.0,0
676452385,2026-04-10 12:59:53,13:00:25,32,0,Not connected,267215690.0,137941261,Delhi,TTSL(CDMA),42703.0,3
677072484,2026-04-13 20:10:17,20:11:17,61,48,Connected,185281501.0,137941261,Bihar and Jharkhand,RCL(CDMA),42703.0,0
677072014,2026-04-13 20:06:21,20:07:46,86,53,Not connected,185281501.0,137941261,Bihar and Jharkhand,RCL(CDMA),42703.0,3
677380205,2026-04-15 14:28:48,14:29:25,38,26,Connected,248646641.0,137941261,Bihar and Jharkhand,RCL(CDMA),42703.0,0
678365218,2026-04-21 08:33:17,08:34:06,50,43,Connected,84604514.0,137941261,Bihar and Jharkhand,Jio,172377.0,0
678762348,2026-04-23 09:41:23,09:41:48,25,18,Connected,87593913.0,137941261,Tamil Nadu,Videocon T,42703.0,0
679476723,2026-04-27 12:45:07,12:47:18,131,117,Connected,268216842.0,137941261,Kolkata,Jio,42703.0,0
681436934,2026-05-08 15:48:44,15:48:47,2,0,Not connected,38958910.0,26900399,Mumbai,Reliance Jio (GSM),22835.0,0
683098387,2026-05-18 15:20:08,15:22:08,120,113,Connected,183798237.0,26900399,Mumbai,Vodafone Idea Limited,29124.0,0
683115931,2026-05-18 16:22:58,16:23:38,39,30,Connected,183798237.0,26900399,Mumbai,Vodafone Idea Limited,29124.0,0
683134279,2026-05-18 17:28:21,17:28:50,28,0,Not connected,183798237.0,26900399,Mumbai,Vodafone Idea Limited,29124.0,0
683225961,2026-05-19 11:51:52,11:52:13,21,7,Connected,183798237.0,26900399,Mumbai,Vodafone Idea Limited,29124.0,0
683226396,2026-05-19 11:52:59,11:53:28,29,0,Not connected,183798237.0,26900399,Mumbai,Vodafone Idea Limited,29124.0,0
683317415,2026-05-19 16:33:40,16:35:18,97,91,Connected,183798237.0,26900399,Mumbai,Vodafone Idea Limited,29124.0,0
680709153,2026-05-04 15:30:13,15:30:42,30,0,Not connected,82761236.0,137941261,Uttar Pradesh East,Vodafone E,42703.0,0
688476964,2026-06-18 16:59:31,17:00:29,57,49,Connected,28661367.0,26900399,Mumbai,Vodafone Idea Limited,22835.0,0
689497443,2026-06-24 16:31:35,16:32:30,54,39,Connected,77416018.0,26900399,Mumbai,Bharti Airtel (GSM),22835.0,0
687014448,2026-06-10 10:40:30,10:41:02,32,15,Connected,99637706.0,74672649,Kolkata,Bharti Airtel (GSM),,0
686749622,2026-06-08 15:22:51,16:23:05,3614,3606,Connected,220429759.0,137941261,Bihar and Jharkhand,Bharti Airtel (GSM),42703.0,0
690032215,2026-06-27 15:42:16,15:44:12,115,109,Connected,270982255.0,137941261,UP East,Reliance Jio (GSM),42703.0,0
690374977,2026-06-29 19:33:41,19:34:58,77,69,Connected,264606239.0,137941261,Bihar and Jharkhand,Reliance Jio (GSM),42703.0,0
686831373,2026-06-09 10:29:36,10:34:31,294,264,Not connected,270104325.0,146924766,UP East,Bharti Airtel (GSM),24630.0,3
687173578,2026-06-11 08:13:22,08:13:23,0,0,Not connected,105218835.0,146924766,Delhi,Reliance Jio (GSM),24630.0,0
687173886,2026-06-11 08:16:23,08:20:35,251,225,Not connected,105218835.0,146924766,Delhi,Reliance Jio (GSM),24630.0,2
690917570,2026-07-02 19:03:21,19:06:24,183,170,Connected,227853057.0,26900399,Mumbai,Reliance Jio (GSM),22835.0,0
694500922,2026-07-23 15:01:49,15:02:29,40,28,Connected,7516110.0,26900399,Mumbai,Vodafone (GSM),29124.0,0
694014241,2026-07-20 20:13:28,20:14:49,80,67,Connected,117677622.0,26900399,Mumbai,Reliance Jio (GSM),22835.0,0
694681627,2026-07-24 15:04:19,15:05:47,87,57,Connected,100755693.0,26900399,Maharashtra and Goa,Reliance Jio (GSM),29124.0,0
694754240,2026-07-24 20:26:55,20:30:28,213,183,Not connected,79712086.0,26900399,Maharashtra and Goa,Vodafone (GSM),22835.0,2
694828861,2026-07-25 13:12:48,13:14:58,130,111,Connected,244017297.0,26900399,Rajasthan,Bharti Airtel (GSM),22835.0,0
695832942,2026-07-31 09:37:14,09:37:15,0,0,Not connected,28895470.0,39067747,Delhi,Bharti Airtel (GSM),146897.0,0
690906625,2026-07-02 18:14:09,18:14:35,26,0,Not connected,229629038.0,74672649,Kolkata,RJIO,,3
691304964,2026-07-05 10:32:19,10:32:51,32,16,Connected,240429585.0,137941261,Bihar and Jharkhand,Reliance Jio (GSM),42703.0,0
691529829,2026-07-06 16:50:44,16:51:11,27,19,Connected,240429585.0,137941261,Bihar and Jharkhand,Reliance Jio (GSM),42703.0,0
691529321,2026-07-06 16:48:32,16:49:19,47,17,Not connected,240429585.0,137941261,Bihar and Jharkhand,Reliance Jio (GSM),42703.0,3
696101595,2026-08-01 14:38:07,14:41:57,229,200,Not connected,34793909.0,26900399,Gujarat,Airtel,22835.0,2
697333099,2026-08-08 13:14:24,13:16:37,132,127,Connected,212304764.0,26900399,Mumbai,Bharti Airtel (GSM),22835.0,0
697335088,2026-08-08 13:18:52,13:22:29,217,209,Connected,212304764.0,26900399,Mumbai,Bharti Airtel (GSM),22835.0,0
697671214,2026-08-10 15:14:32,15:15:48,76,63,Connected,222284396.0,26900399,Mumbai,Bharti Airtel (GSM),6042.0,0
698583938,2026-08-15 15:01:53,15:02:00,6,0,Not connected,3733312.0,26900399,Mumbai,Vodafone (GSM),22835.0,0
698743456,2026-08-16 19:29:07,19:31:36,149,142,Connected,273173163.0,26900399,Gujarat,Reliance Jio (GSM),22835.0,0
698749475,2026-08-16 20:27:03,20:27:05,2,0,Not connected,50222902.0,26900399,Maharashtra and Goa,Bharti Airtel (GSM),29124.0,0
698750935,2026-08-16 20:42:11,20:43:35,83,74,Connected,157692036.0,26900399,Mumbai,Reliance Jio (GSM),22835.0,0
698750991,2026-08-16 20:43:57,20:44:00,3,0,Not connected,157692036.0,26900399,Mumbai,Reliance Jio (GSM),22835.0,0
698751156,2026-08-16 20:44:53,20:45:50,57,49,Connected,157692036.0,26900399,Mumbai,Reliance Jio (GSM),22835.0,0
699351840,2026-08-19 20:18:37,20:19:03,25,19,Connected,273528680.0,26900399,MP and Chattisgarh,Bharti Airtel (GSM),29124.0,0
699351843,2026-08-19 20:18:29,20:19:05,36,27,Connected,46001110.0,26900399,Maharashtra and Goa,Reliance Jio (GSM),22835.0,0
699352122,2026-08-19 20:19:09,20:20:49,99,91,Connected,46001110.0,26900399,Maharashtra and Goa,Reliance Jio (GSM),22835.0,0
699291216,2026-08-19 16:08:13,16:08:39,26,18,Connected,273514940.0,26900399,Mumbai,Reliance Jio (GSM),88047.0,0
699463368,2026-08-20 14:27:18,14:28:52,94,85,Connected,12011131.0,26900399,Mumbai,Bharti Airtel (GSM),22835.0,0
699973252,2026-08-23 12:04:39,12:06:50,131,120,Connected,41540180.0,26900399,Mumbai,Bharti Airtel (GSM),22835.0,0
699562936,2026-08-20 21:51:22,21:51:45,23,10,Connected,34624827.0,26900399,Gujarat,Vodafone (GSM),22835.0,0
699645117,2026-08-21 13:38:00,13:38:17,16,0,Not connected,273609298.0,26900399,Gujarat,Airtel,99323.0,0
699645345,2026-08-21 13:38:17,13:39:04,46,24,Connected,273611741.0,26900399,Haryana,Reliance Jio (GSM),29124.0,0
699644995,2026-08-21 13:37:13,13:37:52,38,8,Not connected,273609298.0,26900399,Gujarat,Airtel,99323.0,3
700088975,2026-08-24 11:20:16,11:20:28,12,0,Not connected,120028877.0,26900399,Mumbai,Reliance Jio (GSM),22835.0,0
700209013,2026-08-24 17:33:20,17:35:10,109,101,Connected,22725992.0,26900399,Mumbai,Vodafone (GSM),22835.0,0
700266251,2026-08-25 10:07:58,10:09:50,111,102,Connected,41166691.0,26900399,Mumbai,Reliance Jio (GSM),29124.0,0
700860830,2026-08-28 14:44:38,14:44:39,0,0,Not connected,121883699.0,26900399,Karnataka,Bharti Airtel (GSM),88047.0,0
696416777,2026-08-03 15:46:34,15:47:16,41,12,Not connected,28895470.0,39067747,Delhi,Bharti Airtel (GSM),146897.0,3
697243811,2026-08-07 19:21:42,19:26:53,311,301,Connected,120537729.0,137941261,Bihar and Jharkhand,Reliance Jio (GSM),42703.0,0
698947623,2026-08-17 20:44:48,20:45:29,41,30,Connected,86435048.0,137941261,Bihar and Jharkhand,Reliance Jio (GSM),42703.0,0
704023406,2026-09-15 18:23:00,18:23:44,43,7,Not connected,10883695.0,2749178,Gujarat,Reliance Jio (GSM),40132.0,2
704170104,2026-09-16 15:52:00,15:52:37,36,3,Not connected,12058171.0,2749178,Gujarat,Vodafone (GSM),40132.0,2
701521502,2026-09-01 16:44:51,16:45:16,24,18,Connected,274155101.0,26900399,Maharashtra and Goa,Vodafone Idea Limited,22835.0,0
701791106,2026-09-03 09:59:07,10:01:47,160,139,Connected,257217419.0,26900399,Mumbai,Airtel,22835.0,0
702060391,2026-09-04 14:58:36,14:58:55,18,13,Connected,32342022.0,26900399,Mumbai,Bharti Airtel (GSM),22835.0,0
702142325,2026-09-05 09:17:42,09:19:32,109,92,Connected,124058334.0,26900399,Maharashtra and Goa,Bharti Airtel (GSM),29124.0,0
702237111,2026-09-05 15:23:40,15:25:24,104,98,Connected,108991892.0,26900399,Maharashtra and Goa,Reliance Jio (GSM),28389.0,0
702237206,2026-09-05 15:25:31,15:25:45,14,9,Connected,108991892.0,26900399,Maharashtra and Goa,Reliance Jio (GSM),28389.0,0
702237625,2026-09-05 15:25:53,15:27:18,85,81,Connected,108991892.0,26900399,Maharashtra and Goa,Reliance Jio (GSM),28389.0,0
702353987,2026-09-06 13:31:46,13:32:17,31,25,Connected,2848847.0,26900399,Gujarat,Reliance Jio (GSM),22835.0,0
702405347,2026-09-06 19:11:38,19:12:07,29,23,Connected,107832489.0,26900399,Gujarat,Bharti Airtel (GSM),22835.0,0
702464277,2026-09-07 11:49:12,11:50:48,96,91,Connected,210744216.0,26900399,Maharashtra and Goa,Vodafone Idea Limited,22835.0,0
702640268,2026-09-08 10:44:24,10:45:00,36,17,Connected,246680525.0,26900399,Mumbai,Vodafone Idea Limited,29124.0,0
702640935,2026-09-08 10:45:11,10:47:21,130,110,Connected,246680525.0,26900399,Mumbai,Vodafone Idea Limited,29124.0,0
703543873,2026-09-12 18:03:19,18:03:56,37,28,Connected,274673755.0,26900399,Mumbai,Bharti Airtel (GSM),29124.0,0
703422617,2026-09-12 10:55:16,10:55:43,27,7,Connected,99085537.0,26900399,Mumbai,Vodafone (GSM),22835.0,0
703424401,2026-09-12 10:56:11,11:01:52,340,311,Not connected,99085537.0,26900399,Mumbai,Vodafone (GSM),22835.0,2
703611694,2026-09-13 12:20:20,12:20:47,26,20,Connected,9386370.0,26900399,Gujarat,Bharti Airtel (GSM),22835.0,0
703666827,2026-09-13 17:58:56,17:59:19,22,0,Not connected,274715191.0,26900399,Mumbai,Bharti Airtel (GSM),22835.0,0
705598935,2026-09-24 16:46:45,16:47:47,62,57,Connected,97800175.0,26900399,Mumbai,Reliance Jio (GSM),29124.0,0
705711897,2026-09-25 11:59:16,11:59:49,32,1,Not connected,134749792.0,74672649,Kolkata,Reliance Jio (GSM),,2
706795543,2026-10-01 13:17:59,13:18:44,44,14,Not connected,152314586.0,26900399,Mumbai,Reliance Jio (GSM),22835.0,3
678392880,2026-04-21 11:05:08,11:07:51,162,140,Not connected,107911691.0,7482803,Haryana,Bharti Airtel (GSM),28763.0,3
678605333,2026-04-22 12:01:49,12:02:07,18,6,Connected,189112903.0,70382549,Delhi,Bharti Airtel (GSM),1913.0,0
678605656,2026-04-22 12:02:36,12:02:59,23,10,Connected,189112903.0,70382549,Delhi,Bharti Airtel (GSM),1913.0,0
676480951,2026-04-10 14:36:12,14:36:40,28,0,Not connected,53996246.0,78653648,Rajasthan,Bharti Airtel (GSM),27642.0,0
676481135,2026-04-10 14:37:03,14:37:18,15,9,Connected,53996246.0,78653648,Rajasthan,Bharti Airtel (GSM),27642.0,0
676599688,2026-04-11 10:48:18,10:49:00,42,34,Connected,15755962.0,78653648,Rajasthan,Reliance Jio (GSM),25377.0,0
676842414,2026-04-12 16:11:49,16:14:34,164,153,Connected,198185294.0,78653648,Gujarat,Reliance Jio (GSM),188999.0,0
676916455,2026-04-13 11:13:47,11:14:06,19,0,Not connected,50588508.0,78653648,UP West and Uttaranchal,Reliance Jio (GSM),188999.0,0
677367422,2026-04-15 13:46:37,13:47:35,58,47,Connected,130715808.0,78653648,Delhi,Bharti Airtel (GSM),187165.0,0
678410884,2026-04-21 12:00:15,12:01:22,67,56,Connected,19884160.0,78653648,Haryana,Reliance Jio (GSM),78688.0,0
680025722,2026-04-30 12:15:12,12:16:23,71,45,Connected,146213345.0,78653648,Delhi,Reliance Jio (GSM),30670.0,0
677191652,2026-04-14 14:50:28,14:51:58,90,70,Connected,248077178.0,225852776,Uttar Pradesh East,etisalat,21914.0,0
682152536,2026-05-13 08:53:53,08:57:12,198,173,Not connected,87932229.0,7482803,UP West and Uttaranchal,Airtel,28763.0,2
680305986,2026-05-01 19:48:58,19:49:25,26,0,Not connected,222702117.0,70382549,,,8774.0,0
683939241,2026-05-22 20:08:30,20:09:27,57,41,Connected,258114449.0,70382549,Delhi,Reliance Jio (GSM),43052.0,0
681027058,2026-05-06 12:57:14,12:57:52,38,9,Not connected,28826210.0,78653648,Tamil Nadu,Bharti Airtel (GSM),25377.0,3
681298337,2026-05-07 18:11:51,18:12:51,59,36,Connected,101855496.0,78653648,,,29673.0,0
681438202,2026-05-08 15:51:08,15:53:21,133,126,Connected,231730510.0,78653648,Mumbai,Vodafone (GSM),25377.0,0
681439103,2026-05-08 15:55:58,15:56:38,39,32,Connected,231730510.0,78653648,Mumbai,Vodafone (GSM),25377.0,0
683073072,2026-05-18 13:47:15,13:50:47,212,183,Not connected,45911110.0,78653648,Delhi,Bharti Airtel (GSM),27642.0,3
684018687,2026-05-23 13:01:54,13:02:32,37,8,Not connected,161787779.0,78653648,,,29673.0,3
684348361,2026-05-25 14:34:41,14:36:01,80,71,Connected,406474.0,78653648,,,85121.0,0
684504828,2026-05-26 12:37:12,12:37:15,2,0,Not connected,266184152.0,78653648,Gujarat,Reliance Jio (GSM),25377.0,0
685149690,2026-05-29 18:37:50,18:38:38,48,39,Connected,235768166.0,78653648,Delhi,Vodafone Idea Limited,25377.0,0
685149982,2026-05-29 18:39:20,18:40:11,50,43,Connected,235768166.0,78653648,Delhi,Vodafone Idea Limited,25377.0,0
681214388,2026-05-07 13:06:01,13:09:02,181,147,Not connected,225565518.0,225852776,Uttar Pradesh East,RCL(GSM),21914.0,3
683097958,2026-05-18 15:16:14,15:20:38,264,253,Connected,95012745.0,225852776,Rajasthan,Sistema Sh,21914.0,0
683486374,2026-05-20 15:06:08,15:06:46,37,31,Connected,18848690.0,225852776,Punjab,Vodafone (GSM),183693.0,0
688869987,2026-06-20 19:29:21,19:32:29,187,166,Connected,270713215.0,23139369,Rajasthan,Bharti Airtel (GSM),174377.0,0
686188125,2026-06-05 10:48:06,10:48:17,10,0,Not connected,148842366.0,70382549,Delhi,Bharti Airtel (GSM),43052.0,0
686188220,2026-06-05 10:48:23,10:48:34,11,3,Connected,148842366.0,70382549,Delhi,Bharti Airtel (GSM),43052.0,0
689700450,2026-06-25 17:35:27,17:36:01,34,22,Connected,194924186.0,70382549,Delhi,Vodafone (GSM),33253.0,0
685976666,2026-06-03 20:22:57,20:24:54,117,102,Connected,155156045.0,78653648,UP West and Uttaranchal,Reliance Jio (GSM),18364.0,0
686085431,2026-06-04 14:54:40,14:56:53,133,109,Connected,22680844.0,78653648,Delhi,Reliance Jio (GSM),95077.0,0
686345821,2026-06-06 08:47:11,08:49:38,146,129,Connected,30527858.0,78653648,Maharashtra and Goa,Vodafone (GSM),25377.0,0
686346409,2026-06-06 08:56:04,08:58:35,150,127,Not connected,30527858.0,78653648,Maharashtra and Goa,Vodafone (GSM),25377.0,2
686570113,2026-06-07 14:02:46,14:06:30,224,202,Connected,30527858.0,78653648,Maharashtra and Goa,Vodafone (GSM),25377.0,0
686852679,2026-06-09 11:46:01,11:46:21,19,7,Connected,243029111.0,78653648,UP West and Uttaranchal,Bharti Airtel (GSM),30670.0,0
688377470,2026-06-18 11:30:48,11:31:20,32,3,Not connected,21395924.0,78653648,Delhi,Reliance Jio (GSM),26647.0,3
688664647,2026-06-19 17:11:26,17:12:46,80,42,Connected,153827318.0,78653648,Gujarat,Reliance Jio (GSM),1683.0,0
688665341,2026-06-19 17:14:22,17:15:25,62,0,Not connected,153827318.0,78653648,Gujarat,Reliance Jio (GSM),29673.0,0
688666152,2026-06-19 17:17:25,17:18:20,55,30,Connected,153827318.0,78653648,Gujarat,Reliance Jio (GSM),1683.0,0
688667470,2026-06-19 17:22:53,17:23:27,34,0,Not connected,153827318.0,78653648,Gujarat,Reliance Jio (GSM),1683.0,0
688664228,2026-06-19 17:10:35,17:11:11,35,6,Not connected,153827318.0,78653648,Gujarat,Reliance Jio (GSM),29673.0,3
689387867,2026-06-24 10:31:27,10:36:00,272,242,Not connected,269386844.0,78653648,Punjab,Reliance Jio (GSM),25377.0,2
690278156,2026-06-29 13:26:08,13:28:55,166,137,Not connected,49888453.0,78653648,UP West and Uttaranchal,Reliance Jio (GSM),192406.0,2
694521186,2026-07-23 16:13:27,16:14:31,63,46,Connected,243952358.0,7482803,UP West and Uttaranchal,Bharti Airtel (GSM),42441.0,0
694212341,2026-07-21 21:35:02,21:37:53,171,159,Connected,94320189.0,11574612,Delhi,Reliance Jio (GSM),4769.0,0
694332637,2026-07-22 15:56:36,15:57:39,63,53,Connected,251088006.0,11574612,Delhi,Vodafone Idea Limited,4769.0,0
694508071,2026-07-23 15:26:25,15:29:06,161,150,Connected,191476696.0,23139369,Rajasthan,Reliance Jio (GSM),174377.0,0
691636251,2026-07-07 12:23:46,12:26:13,146,130,Connected,91841391.0,70382549,UP West and Uttaranchal,Airtel,43052.0,0
691664361,2026-07-07 13:56:40,13:59:12,152,142,Connected,42118356.0,70382549,Delhi,Bharti Airtel (GSM),43052.0,0
695087423,2026-07-27 11:50:20,11:51:30,69,39,Not connected,51236821.0,70382549,Delhi,Reliance Jio (GSM),33253.0,2
690638485,2026-07-01 13:03:15,13:03:51,35,0,Not connected,,78653648,Karnataka,Bharti Airtel (GSM),34737.0,1
690685515,2026-07-01 15:45:14,15:49:13,239,210,Not connected,44894607.0,78653648,Delhi,Bharti Airtel (GSM),40486.0,2
690715535,2026-07-01 17:37:13,17:38:15,62,48,Connected,5464334.0,78653648,Punjab,Bharti Airtel (GSM),40486.0,0
691231077,2026-07-04 16:01:15,16:02:34,78,65,Connected,191729797.0,78653648,Delhi,Bharti Airtel (GSM),69352.0,0
691463847,2026-07-06 13:06:07,13:07:23,76,64,Connected,133498325.0,78653648,UP West and Uttaranchal,Reliance Jio (GSM),1683.0,0
694079327,2026-07-21 12:26:39,12:28:19,100,87,Connected,72401395.0,78653648,Delhi,Bharti Airtel (GSM),25377.0,0
694149628,2026-07-21 16:13:51,16:15:49,118,88,Not connected,200253243.0,78653648,Delhi,Vodafone (GSM),25377.0,2
694691597,2026-07-24 15:39:57,15:40:59,62,34,Connected,211854589.0,78653648,Rajasthan,Vodafone Idea Limited,30670.0,0
695150205,2026-07-27 15:04:47,15:06:57,130,114,Connected,84220439.0,78653648,Haryana,Reliance Jio (GSM),26647.0,0
695193708,2026-07-27 17:28:30,17:30:07,96,81,Connected,255361326.0,78653648,UP West and Uttaranchal,Bharti Airtel (GSM),78688.0,0
699504941,2026-08-20 16:42:01,16:42:13,11,0,Not connected,102273401.0,11574612,North East,Reliance Jio (GSM),4769.0,0
700189218,2026-08-24 16:29:35,16:29:36,1,0,Not connected,30786179.0,70382549,Orissa,Bharti Airtel (GSM),8774.0,0
700189585,2026-08-24 16:30:25,16:30:48,22,0,Not connected,30786179.0,70382549,Orissa,Bharti Airtel (GSM),8774.0,0
700188720,2026-08-24 16:25:14,16:28:01,166,136,Not connected,30786179.0,70382549,Orissa,Bharti Airtel (GSM),33253.0,3
700217628,2026-08-24 18:04:04,18:06:11,127,114,Connected,24775755.0,70382549,Delhi,Reliance Jio (GSM),1913.0,0
700785941,2026-08-27 19:20:18,19:21:07,48,38,Connected,7116385.0,70382549,Delhi,Reliance Jio (GSM),8774.0,0
696089265,2026-08-01 13:57:52,13:57:57,5,0,Not connected,7963664.0,78653648,Karnataka,Vodafone Idea Limited,29562.0,0
696417327,2026-08-03 15:46:51,15:49:16,145,115,Not connected,118375998.0,78653648,Maharashtra and Goa,Bharti Airtel (GSM),29562.0,2
697682312,2026-08-10 15:51:27,15:52:55,88,66,Connected,16300700.0,78653648,Tamil Nadu,Bharti Airtel (GSM),25377.0,0
697853931,2026-08-11 14:33:18,14:34:54,95,78,Connected,44938031.0,78653648,Andhra Pradesh,Reliance Jio (GSM),25377.0,0
697990634,2026-08-12 11:36:06,11:36:23,17,0,Not connected,267564022.0,78653648,Delhi,Bharti Airtel (GSM),25377.0,0
697990987,2026-08-12 11:36:27,11:37:23,56,43,Connected,257208411.0,78653648,Delhi,Bharti Airtel (GSM),25377.0,0
698243518,2026-08-13 14:24:06,14:24:36,29,14,Connected,266562892.0,78653648,Delhi,Bharti Airtel (GSM),25377.0,0
698243681,2026-08-13 14:24:50,14:25:11,20,7,Connected,266562892.0,78653648,Delhi,Bharti Airtel (GSM),25377.0,0
698244336,2026-08-13 14:25:26,14:27:07,100,88,Connected,266562892.0,78653648,Delhi,Bharti Airtel (GSM),25377.0,0
698087798,2026-08-12 16:38:00,16:38:16,15,0,Not connected,138667631.0,78653648,Rajasthan,Bharti Airtel (GSM),32216.0,0
698088213,2026-08-12 16:38:17,16:39:40,82,53,Connected,234385268.0,78653648,Rajasthan,Reliance Jio (GSM),25377.0,0
700059219,2026-08-24 08:10:18,08:10:50,32,6,Not connected,54904031.0,78653648,Tamil Nadu,BSNL (GSM),35869.0,3
700328927,2026-08-25 13:29:19,13:30:25,66,38,Connected,215241549.0,78653648,Gujarat,Bharti Airtel (GSM),18364.0,0
700579032,2026-08-26 17:05:02,17:05:31,28,15,Connected,235408869.0,78653648,UP West and Uttaranchal,Vodafone (GSM),25377.0,0
700579201,2026-08-26 17:05:43,17:06:04,21,11,Connected,235408869.0,78653648,UP West and Uttaranchal,Vodafone (GSM),25377.0,0
700579447,2026-08-26 17:06:25,17:06:45,20,10,Connected,235408869.0,78653648,UP West and Uttaranchal,Vodafone (GSM),25377.0,0
700580614,2026-08-26 17:10:06,17:10:21,14,0,Not connected,235408869.0,78653648,UP West and Uttaranchal,Vodafone (GSM),192406.0,0
700581435,2026-08-26 17:12:30,17:12:59,29,0,Not connected,235408869.0,78653648,UP West and Uttaranchal,Vodafone (GSM),25377.0,0
700581020,2026-08-26 17:11:10,17:11:44,34,5,Not connected,190922467.0,78653648,Delhi,Bharti Airtel (GSM),25377.0,3
700739178,2026-08-27 15:44:32,15:45:06,33,0,Not connected,245495331.0,78653648,Karnataka,Airtel,25377.0,0
704247879,2026-09-17 09:49:11,09:49:31,20,2,Connected,24769890.0,7482803,UP West and Uttaranchal,Reliance Jio (GSM),42441.0,0
705335608,2026-09-23 12:57:59,12:58:57,57,42,Connected,37826828.0,7482803,UP West and Uttaranchal,Bharti Airtel (GSM),42441.0,0
701753069,2026-09-02 18:50:54,18:52:42,107,99,Connected,30126585.0,70382549,Delhi,Reliance Jio (GSM),1913.0,0
703314035,2026-09-11 15:08:21,15:10:44,142,127,Connected,199397280.0,70382549,Gujarat,Bharti Airtel (GSM),1913.0,0
706539611,2026-09-30 09:20:56,09:22:42,105,96,Connected,159087749.0,70382549,Delhi,Bharti Airtel (GSM),43052.0,0
701392717,2026-09-01 09:20:28,09:21:03,34,15,Connected,92814127.0,78653648,Gujarat,Reliance Jio (GSM),85121.0,0
701392998,2026-09-01 09:21:08,09:23:40,152,143,Connected,92814127.0,78653648,Gujarat,Reliance Jio (GSM),85121.0,0
701393269,2026-09-01 09:25:28,09:26:29,61,51,Connected,92814127.0,78653648,Gujarat,Reliance Jio (GSM),85121.0,0
701606693,2026-09-02 10:57:08,10:57:34,25,0,Not connected,240791669.0,78653648,UP West and Uttaranchal,Reliance Jio (GSM),25377.0,0
702109778,2026-09-04 18:18:02,18:18:30,27,11,Connected,45382225.0,78653648,Bihar and Jharkhand,Bharti Airtel (GSM),18364.0,0
702276530,2026-09-05 18:03:49,18:06:21,151,137,Connected,13836435.0,78653648,Mumbai,Bharti Airtel (GSM),25377.0,0
702513778,2026-09-07 14:17:07,14:17:44,37,7,Not connected,38550677.0,78653648,Haryana,Vodafone Idea Limited,137598.0,3
702892814,2026-09-09 13:20:35,13:20:49,13,0,Not connected,32689561.0,78653648,Gujarat,Reliance Jio (GSM),180102.0,0
702893268,2026-09-09 13:21:35,13:22:05,30,0,Not connected,32689561.0,78653648,Gujarat,Reliance Jio (GSM),180102.0,3
703329168,2026-09-11 16:00:58,16:01:43,44,5,Not connected,193936572.0,78653648,Delhi,Reliance Jio (GSM),32216.0,3
703516000,2026-09-12 16:05:19,16:09:08,228,197,Not connected,273459225.0,78653648,Rajasthan,Bharti Airtel (GSM),25377.0,3
705478378,2026-09-24 10:13:50,10:15:38,108,96,Connected,61878840.0,225852776,UP West and Uttaranchal,Bharti Airtel (GSM),44146.0,0
706579701,2026-09-30 12:06:37,12:06:41,4,0,Not connected,192589159.0,225852776,UP West and Uttaranchal,Reliance Jio (GSM),183693.0,0
676162234,2026-04-08 19:30:53,19:31:14,21,8,Connected,192289233.0,29384871,,,4548.0,0
678558417,2026-04-22 08:31:23,08:33:17,113,104,Connected,263753630.0,29384871,,,4548.0,0
680148546,2026-04-30 20:26:45,20:27:06,20,9,Connected,8064032.0,29384871,,,4548.0,0
680113413,2026-04-30 17:15:37,17:15:51,14,0,Not connected,135298670.0,43232668,UP West and Uttaranchal,Bharti Airtel (GSM),9188.0,0
675189335,2026-04-03 16:24:09,16:24:51,42,0,Not connected,226055151.0,58553032,Maharashtra and Goa,TTML(CDMA),205369.0,0
675189013,2026-04-03 16:23:06,16:23:41,35,2,Not connected,226055151.0,58553032,Karnataka,LANDLINE,205369.0,3
676237631,2026-04-09 12:16:28,12:16:47,19,8,Connected,226055151.0,58553032,Karnataka,LANDLINE,205369.0,0
676237792,2026-04-09 12:16:34,12:17:08,34,5,Not connected,267249110.0,58553032,Delhi,RCL(GSM),205369.0,3
680449229,2026-05-02 16:49:21,16:49:22,0,0,Not connected,127061072.0,43232668,UP West and Uttaranchal,RJIO,174260.0,0
685075399,2026-05-29 13:49:24,13:50:02,37,27,Connected,132257016.0,138893458,UP West and Uttaranchal,Bharti Airtel (GSM),78719.0,0
685618680,2026-06-01 22:00:48,22:00:50,1,0,Not connected,121938979.0,29384871,Maharashtra and Goa,Bharti Airtel (GSM),20794.0,0
689365811,2026-06-23 21:38:53,21:39:20,27,17,Connected,83561339.0,29384871,Maharashtra and Goa,Reliance Jio (GSM),36031.0,0
693475516,2026-07-17 15:35:43,15:38:18,155,131,Connected,48363479.0,29384871,Maharashtra and Goa,Reliance Jio (GSM),85843.0,0
705530922,2026-09-24 12:57:06,12:58:10,64,53,Connected,43241341.0,29384871,Maharashtra and Goa,Reliance Jio (GSM),4548.0,0
704446156,2026-09-18 11:22:49,11:23:55,65,55,Connected,274930348.0,49939718,Tamil Nadu,Bharti Airtel (GSM),132943.0,0
701722197,2026-09-02 16:53:08,16:53:54,45,24,Connected,117005375.0,79859904,Gujarat,Vodafone (GSM),131690.0,0
702614438,2026-09-07 21:49:10,21:49:17,6,0,Not connected,274447332.0,79859904,UP East,Reliance Jio (GSM),131690.0,0
702614457,2026-09-07 21:49:26,21:49:35,9,0,Not connected,274447332.0,79859904,UP East,Reliance Jio (GSM),131690.0,0
703790314,2026-09-14 15:20:00,15:22:14,133,125,Connected,250192307.0,79859904,UP East,Reliance Jio (GSM),131690.0,0
705856836,2026-09-26 10:15:34,10:16:04,30,4,Connected,210799940.0,131750605,UP East,Bharti Airtel (GSM),181717.0,0
705857075,2026-09-26 10:16:20,10:17:18,58,42,Connected,210799940.0,131750605,UP East,Bharti Airtel (GSM),181717.0,0
676028380,2026-04-08 11:57:54,11:59:52,119,96,Connected,36120622.0,81597751,Maharashtra and Goa,Videocon T,131683.0,0
676617051,2026-04-11 11:41:18,11:42:53,96,79,Connected,13148047.0,146010610,Mumbai,RCL(GSM),42703.0,0
677841922,2026-04-17 18:22:33,18:23:43,71,53,Connected,267761670.0,146010610,Delhi,Idea Cellu,42703.0,0
679176824,2026-04-25 12:24:03,12:24:18,15,5,Connected,124628575.0,146010610,Uttar Pradesh East,Jio,69543.0,0
680760021,2026-05-04 18:54:58,18:57:36,158,125,Not connected,235647185.0,41440640,Mumbai,Vodafone E,25884.0,3
682181013,2026-05-13 11:18:15,11:18:38,22,7,Connected,198809880.0,146010610,UP East,Bharti Airtel (GSM),42703.0,0
689812593,2026-06-26 13:21:03,13:22:00,57,40,Connected,64630725.0,41440640,Mumbai,Reliance Jio (GSM),25884.0,0
690481903,2026-06-30 14:29:31,14:31:02,90,77,Connected,,93099060,Gujarat,Bharti Airtel (GSM),120848.0,0
688046072,2026-06-16 12:58:25,12:58:29,4,0,Not connected,270500739.0,146010610,UP West and Uttaranchal,Bharti Airtel (GSM),69543.0,3
692040097,2026-07-09 14:51:30,14:52:11,40,26,Connected,245951245.0,13648325,Gujarat,Bharti Airtel (GSM),126247.0,0
691245344,2026-07-04 16:56:42,16:58:37,115,108,Connected,220392303.0,146010610,UP East,Reliance Jio (GSM),69543.0,0
695030791,2026-07-26 19:17:59,19:19:10,70,58,Connected,195591004.0,146010610,MP and Chattisgarh,Reliance Jio (GSM),69543.0,0
699900877,2026-08-22 17:36:09,17:36:19,9,0,Not connected,273675821.0,270751783,Gujarat,Vodafone (GSM),,0
705194452,2026-09-22 15:53:05,15:53:55,50,42,Connected,146671148.0,13648325,Gujarat,Reliance Jio (GSM),7821.0,0
703515593,2026-09-12 16:06:02,16:07:26,83,77,Connected,271980663.0,66179566,Delhi,AIRTEL,21670.0,0
706580956,2026-09-30 12:08:56,12:10:39,103,87,Connected,205688552.0,187887068,UP West and Uttaranchal,Reliance Jio (GSM),,0
