purchase_id,purchase_date,buylead_id,seller_glid,buyer_glid,credits_used,purchase_mode,purchase_type,module,list_position,keyword,mcat_rank,is_pref_location,distance_city
1297892479,2026-08-16 23:55:39,4634422685699,95568576,139386223.0,200,APP,C,ANDWEB,1.0,,A,2.0,
1298487498,2026-08-17 21:10:40,149730540346,95568576,15205604.0,200,Notif,B,ANDWEB,1.0,,,,0.0
1297706584,2026-08-16 10:46:35,149600574263,95568576,256345047.0,200,APP,B,ANDWEB,5.0,,A,0.0,1271.63996358
1299077289,2026-08-18 21:35:20,149793702895,95568576,245160777.0,200,APP,B,ANDWEB,4.0,Samsung Memory Cards_p17721_mn1_rc2_at1_s750_g13_wc3_m184855_tr1_pn1,A,4.0,1409.44118196
1298876162,2026-08-18 13:58:18,149723281767,95568576,6149055.0,200,APP,B,ANDWEB,9.0,,A,0.0,1256.77144242
1298343341,2026-08-17 15:27:41,149711662146,95568576,266268085.0,200,Notif,B,ANDWEB,1.0,,,,19.80266952
1298233365,2026-08-17 12:33:09,4636579669799,95568576,164339222.0,200,Notif,C,ANDWEB,1.0,,,,
1299077009,2026-08-18 21:33:47,149685006463,95568576,76468231.0,200,APP,B,ANDWEB,1.0,Pen Drive_p0_mn1_rc2_s797_g13_wc2_m33874_tr1_pn1,A,1.0,254.29672776
1299392229,2026-08-19 12:14:39,149824442267,95568576,16173322.0,200,Notif,B,ANDWEB,1.0,,,,0.0
1299961004,2026-08-20 12:03:12,149875371563,95568576,239397114.0,200,Notif,B,ANDWEB,1.0,,,,0.0
1297706472,2026-08-16 10:46:14,149639481285,95568576,139077596.0,200,APP,B,ANDWEB,1.0,,A,0.0,634.36678638
1298233499,2026-08-17 12:33:20,4636118856399,95568576,71852018.0,200,APP,C,ANDWEB,2.0,,A,0.0,
1300624972,2026-08-21 14:38:16,149963377134,95568576,24685605.0,200,Notif,B,ANDWEB,1.0,,,,0.0
1301031178,2026-08-22 10:38:05,149986745113,95568576,50529247.0,200,APP,B,ANDWEB,1.0,,A,0.0,32.7708018
1301994298,2026-08-23 21:00:16,150069486652,95568576,273704656.0,200,Notif,B,ANDWEB,1.0,,,,133.20950484
1302573056,2026-08-24 18:38:40,4665115503099,95568576,158438265.0,200,APP,C,ANDWEB,5.0,,A,2.0,
1303748392,2026-08-27 00:22:02,150241119813,95568576,92817581.0,200,APP,B,ANDWEB,13.0,Pen Drive_p0_mn1_rc2_s797_g13_wc2_m33874_tr1_pn1,A,4.0,679.38379464
1305169368,2026-08-29 17:24:19,150250743846,95568576,21163009.0,200,APP,B,ANDWEB,4.0,corporate gift_p0_mn1_rc2_at1_s365_g19_wc2_m393_tr1_pn1,NE,1.0,117.43307538
1305170708,2026-08-29 17:26:26,150364545785,95568576,78303241.0,200,APP,B,ANDWEB,11.0,,A,0.0,625.28917032
1305427804,2026-08-30 01:39:54,-4,96255123,,200,WEB,B,MY,,,,,
1305998300,2026-08-31 01:41:41,-4,96255123,,200,WEB,B,MY,,,,,
1305167303,2026-08-29 17:21:01,150407894667,95568576,269581630.0,200,APP,B,ANDWEB,23.0,,A,0.0,1130.74152462
1305816420,2026-08-30 17:26:57,150427728475,95568576,239109680.0,200,APP,B,ANDWEB,2.0,,F,2.0,0.0
1304680569,2026-08-29 01:21:02,150372417563,95568576,85339008.0,200,APP,B,ANDWEB,8.0,,A,0.0,1130.74152462
1305154106,2026-08-29 16:59:42,150372172895,95568576,190865741.0,200,APP,B,ANDWEB,7.0,,A,0.0,1314.76532082
1305170932,2026-08-29 17:26:48,150392813467,95568576,225966458.0,200,APP,B,ANDWEB,12.0,,A,0.0,938.90978082
1307044377,2026-09-01 23:25:36,150491598767,95568576,46713693.0,200,APP,B,ANDWEB,6.0,Sandisk Pen Drive_p33874_mn1_rc2_at1_s797_g13_wc3_m182083_tr1_pn1,A,4.0,574.05354828
1307546266,2026-09-02 18:24:03,150644559352,95568576,69401698.0,200,Notif,B,ANDWEB,1.0,,,,0.0
1307138899,2026-09-02 01:40:33,-4,96255123,,200,WEB,B,MY,,,,,
1307559859,2026-09-02 19:03:14,150527856167,95568576,23805127.0,200,APP,B,ANDWEB,4.0,,A,0.0,669.9846636
1302795840,2026-08-25 09:12:29,150166305113,95568576,32889401.0,200,Notif,B,ANDWEB,1.0,,,,24.70193022
1304223211,2026-08-27 18:25:14,150270313395,95568576,12533540.0,200,APP,B,ANDWEB,2.0,Pen Drive_p0_mn1_rc2_s797_g13_wc2_m33874_tr1_pn1,A,1.0,156.7419012
1305166593,2026-08-29 17:19:54,150334696052,95568576,60097371.0,200,APP,B,ANDWEB,1.0,,A,0.0,404.49135684
1305168584,2026-08-29 17:23:04,150303319659,95568576,109722074.0,200,APP,B,ANDWEB,18.0,,A,2.0,0.0
1305167572,2026-08-29 17:21:30,150411859575,95568576,247820654.0,200,APP,B,ANDWEB,4.0,,A,0.0,1149.36426414
1306581337,2026-09-01 01:39:36,-4,95568576,,200,WEB,B,MY,,,,,
1306581455,2026-09-01 01:39:36,-4,96255123,,200,WEB,B,MY,,,,,
1307386974,2026-09-02 13:30:27,150540184585,96255123,191086181.0,200,WEB,B,MY,12.0,,A,0.0,692.49268938
1307385088,2026-09-02 13:27:10,150620714959,96255123,26617430.0,200,WEB,B,MY,6.0,Men Cotton Kurta Pajama_p10555_mn1_rc2_at1_s239_g3_wc4_m190904_tr1_pn1,NE,4.0,437.1363207
1307880384,2026-09-03 11:44:14,150674453934,95568576,79648317.0,200,APP,B,ANDWEB,1.0,Pen Drive_p0_mn1_rc2_s797_g13_wc2_m33874_tr1_pn1,A,1.0,178.26146454
1307860230,2026-09-03 11:17:08,150610647652,95568576,105795348.0,200,APP,B,ANDWEB,7.0,8gb pendrive_nat1_sc1_p0_q1_rc2_at1_s797_g13_wc3_m33874_tr1_pn1,A,4.0,453.12188478
1305860529,2026-08-30 20:40:22,150471325863,95568576,26016303.0,200,Notif,B,ANDWEB,1.0,,,,0.0
1308771446,2026-09-05 01:40:36,-4,96255123,,200,WEB,B,MY,,,,,
1309688478,2026-09-06 12:23:44,150840716295,95568576,242322987.0,200,APP,B,ANDWEB,16.0,,A,0.0,777.07268676
1310395195,2026-09-07 18:57:23,150914069252,95568576,232558838.0,200,APP,B,ANDWEB,3.0,,F,0.0,863.11503198
1310543597,2026-09-08 01:40:02,-4,96255123,,200,WEB,B,MY,,,,,
1311440432,2026-09-09 15:55:31,151012968959,95568576,254317167.0,200,APP,B,ANDWEB,6.0,Sd card_p31948_rc2_at1_s750_g13_wc2_m17989_tr1_pn1,BA,2.0,0.0
1308252774,2026-09-04 01:39:51,-4,96255123,,200,WEB,B,MY,,,,,
1308670674,2026-09-04 23:11:30,150771687195,95568576,271704477.0,200,APP,B,ANDWEB,1.0,,A,2.0,0.0
1308665811,2026-09-04 22:34:00,150755365885,95568576,906725.0,200,APP,B,ANDWEB,2.0,,BA,2.0,0.0
1309178114,2026-09-05 18:54:09,150699646867,95568576,70862915.0,200,APP,B,ANDWEB,12.0,,A,0.0,391.18614726
1309382220,2026-09-06 01:39:48,-4,96255123,,200,WEB,B,MY,,,,,
1309953940,2026-09-07 01:41:27,-4,96255123,,200,WEB,B,MY,,,,,
1313156538,2026-09-12 17:02:19,151225162159,96255123,117936876.0,200,WEB,B,MY,2.0,,F,0.0,1360.03846956
1313801346,2026-09-13 17:44:23,151130911559,95568576,252240788.0,200,APP,B,ANDWEB,7.0,,A,0.0,1461.05431782
1311436990,2026-09-09 15:49:12,151041145695,95568576,119831815.0,200,Notif,B,ANDWEB,1.0,,,,0.0
1311439057,2026-09-09 15:52:58,151033650585,95568576,38542910.0,200,APP,B,ANDWEB,8.0,Pendrive_p0_rc2_s797_g13_wc1_m33874_tr1_pn1,A,3.0,854.2846272
1307558684,2026-09-02 18:59:15,150635634263,95568576,160176784.0,200,APP,B,ANDWEB,3.0,,A,0.0,205.629909
1307384289,2026-09-02 13:25:40,150592189167,96255123,109693078.0,200,WEB,B,MY,3.0,,A,0.0,300.97220736
1307859974,2026-09-03 11:16:48,150611114434,95568576,274184353.0,200,APP,B,ANDWEB,6.0,8gb pendrive_nat1_sc1_p0_q1_rc2_at1_s797_g13_wc3_m33874_tr1_pn1,A,4.0,453.12188478
1312226379,2026-09-11 01:40:20,-4,96255123,,200,WEB,B,MY,,,,,
1312589333,2026-09-11 17:12:05,928006717577,96255123,,200,WEB,T,MY,1.0,,,3.0,
1313152609,2026-09-12 16:55:35,151041137159,96255123,136070123.0,200,WEB,B,MY,25.0,,A,0.0,378.30258726
1313075105,2026-09-12 14:47:44,151208910552,96255123,162519526.0,200,WEB,B,MY,3.0,,A,0.0,300.97220736
1313086087,2026-09-12 15:05:20,151093016559,96255123,243060816.0,200,WEB,B,MY,16.0,,A,0.0,1525.5946392
1313753342,2026-09-13 14:29:25,151240706495,95568576,160711935.0,200,Notif,B,ANDWEB,1.0,,,,25.19112282
1309174331,2026-09-05 18:44:46,150818378863,95568576,39801111.0,200,Notif,B,ANDWEB,1.0,,,,24.70193022
1311112553,2026-09-09 01:40:50,-4,96255123,,200,WEB,B,MY,,,,,
1311024939,2026-09-09 00:30:20,150909564467,95568576,11682643.0,200,APP,B,ANDWEB,1.0,,A,0.0,25.19112282
1311442783,2026-09-09 15:59:52,151036200334,95568576,274524906.0,200,APP,B,ANDWEB,2.0,Flying ball_p100029_rc2_s814_g36_wc2_m650545_tr1_pn1,NE,1.0,24.7676874
1309552324,2026-09-06 01:48:42,-3,96255123,,1000,WEB,B,MY,,,,,
1313308457,2026-09-12 23:31:53,151208597846,95568576,248600065.0,200,APP,B,ANDWEB,3.0,Flying Ball_p100029_rc2_s814_g36_wc2_m650545_tr1_pn1,NE,2.0,0.0
1313161084,2026-09-12 17:10:06,151140643267,96255123,182235818.0,200,WEB,B,MY,1.0,mens shirt_p10019_rc2_at1_s239_g3_wc2_m9993_tr1_pn1,NE,4.0,210.28240488
1313308423,2026-09-12 23:31:47,151244585867,95568576,185536409.0,200,APP,B,ANDWEB,2.0,Flying Ball_p100029_rc2_s814_g36_wc2_m650545_tr1_pn1,NE,2.0,0.0
1313149814,2026-09-12 16:51:14,151220885285,96255123,273358513.0,200,WEB,B,MY,1.0,,A,0.0,463.38887028
1313003826,2026-09-12 12:48:16,151207083885,95568576,24044635.0,200,APP,B,ANDWEB,1.0,,A,2.0,0.0
1313003706,2026-09-12 12:48:05,151205476567,95568576,73785762.0,200,Notif,B,ANDWEB,1.0,,,,24.70193022
1313156088,2026-09-12 17:01:27,151124786867,96255123,274593171.0,200,WEB,B,MY,1.0,,,,99.01417674
1314748930,2026-09-15 14:26:05,151252014946,96255123,237586888.0,200,WEB,B,MY,4.0,,A,4.0,99.01417674
1315272823,2026-09-16 13:34:43,151376598695,96255123,9963848.0,200,WEB,B,MY,7.0,,A,4.0,1367.41583838
1315271306,2026-09-16 13:32:02,151310513767,95568576,204942786.0,200,APP,B,ANDWEB,65.0,,A,0.0,1560.47356134
1314480101,2026-09-15 01:40:22,-4,96255123,,200,WEB,B,MY,,,,,
1311671694,2026-09-10 01:40:05,-4,96255123,,200,WEB,B,MY,,,,,
1312100548,2026-09-10 20:09:22,151113528385,95568576,273572711.0,200,Notif,B,ANDWEB,1.0,,,,24.70193022
1312588901,2026-09-11 17:11:15,828006712798,96255123,,200,WEB,T,MY,1.0,,,2.0,
1312590670,2026-09-11 17:14:28,258006697532,96255123,,200,WEB,T,MY,1.0,,,-1.0,
1312663079,2026-09-11 20:46:01,151179552585,95568576,56743059.0,200,APP,B,ANDWEB,15.0,,BA,0.0,1174.28400306
1313151363,2026-09-12 16:53:38,151217041685,96255123,198545381.0,200,WEB,B,MY,1.0,,A,0.0,289.29083658
1313011556,2026-09-12 12:59:38,151205444585,95568576,4337369.0,200,APP,B,ANDWEB,12.0,,A,0.0,938.90978082
1315966127,2026-09-17 18:30:23,151492073163,95568576,274885826.0,200,Notif,B,ANDWEB,1.0,,,,0.0
1316332095,2026-09-18 12:39:29,151516136013,96255123,192182307.0,200,WEB,B,MY,1.0,,A,-2.0,219.42514032
1318322735,2026-09-21 18:07:24,151702166585,96255123,44720378.0,200,WEB,B,MY,7.0,,A,0.0,1285.81028508
1314834068,2026-09-15 16:57:33,151379903846,95568576,21872694.0,200,Notif,B,ANDWEB,1.0,,,,24.7676874
1315273141,2026-09-16 13:35:16,151292498895,96255123,274726923.0,200,WEB,B,MY,11.0,,A,4.0,300.97220736
1316337212,2026-09-18 12:47:03,151528542475,96255123,196216926.0,200,WEB,B,MY,1.0,,A,0.0,300.97220736
1317094672,2026-09-19 18:04:30,151484366146,95568576,274880023.0,200,APP,B,ANDWEB,8.0,,A,0.0,142.42526838
1316679642,2026-09-19 01:39:52,-4,95568576,,200,WEB,B,MY,,,,,
1317099247,2026-09-19 18:12:36,151579318534,95568576,52582524.0,200,APP,B,ANDWEB,20.0,,A,2.0,0.0
1316845502,2026-09-19 11:31:22,151548338052,95568576,31846781.0,200,APP,B,ANDWEB,9.0,,F,1.0,24.7676874
1317086644,2026-09-19 17:51:31,151365324059,95568576,99658038.0,200,APP,B,ANDWEB,7.0,,A,0.0,938.90978082
1316845846,2026-09-19 11:31:50,151572334095,95568576,86022377.0,200,APP,B,ANDWEB,19.0,,A,0.0,1256.77144242
1317325887,2026-09-20 01:39:50,-4,96255123,,200,WEB,B,MY,,,,,
1317676065,2026-09-20 14:56:50,151632755534,95568576,35637550.0,200,APP,B,ANDWEB,6.0,,A,0.0,237.38157018
1317693205,2026-09-20 16:04:02,151654566663,95568576,85561139.0,200,Notif,B,ANDWEB,1.0,,,,0.0
1313975977,2026-09-14 01:40:53,-4,96255123,,200,WEB,B,MY,,,,,
1314360839,2026-09-14 21:09:44,151320711967,95568576,240821230.0,200,APP,B,ANDWEB,1.0,,DB,2.0,0.0
1319626073,2026-09-24 01:39:38,-4,96255123,,200,WEB,B,MY,,,,,
1319958117,2026-09-24 15:57:47,151891193575,95568576,12077278.0,200,Notif,B,ANDWEB,1.0,,,,0.0
1320186424,2026-09-25 01:40:21,-4,96255123,,200,WEB,B,MY,,,,,
1320442676,2026-09-25 14:13:02,151885919659,96255123,64996523.0,200,WEB,B,MY,8.0,,A,1.0,300.97220736
1320302734,2026-09-25 10:29:30,151889123659,95568576,224016255.0,200,Notif,B,ANDWEB,1.0,,,,1149.36426414
1317086871,2026-09-19 17:51:53,151544832613,95568576,159941853.0,200,APP,B,ANDWEB,8.0,,A,0.0,1305.2631213
1317493781,2026-09-20 01:47:53,-3,96255123,,600,WEB,B,MY,,,,,
1318162961,2026-09-21 13:27:17,151698720895,95568576,44052343.0,200,Notif,B,ANDWEB,1.0,,,,0.0
1318322854,2026-09-21 18:07:41,151693030685,96255123,139011177.0,200,WEB,B,MY,9.0,,A,0.0,1156.92704142
1317896906,2026-09-21 01:40:34,-4,96255123,,200,WEB,B,MY,,,,,
1318779345,2026-09-22 14:43:39,151737476575,96255123,268933253.0,200,WEB,B,MY,6.0,,A,0.0,716.2516323
1318779119,2026-09-22 14:43:20,151763918813,96255123,48188371.0,200,WEB,B,MY,2.0,,A,1.0,1367.41583838
1319518854,2026-09-23 21:43:20,151843102459,95568576,39828173.0,200,APP,B,ANDWEB,10.0,,F,0.0,776.5686972
1319518811,2026-09-23 21:43:04,151835775434,95568576,267915229.0,200,APP,B,ANDWEB,8.0,,F,2.0,0.0
1321002527,2026-09-26 14:28:29,151960870463,95568576,99046949.0,200,APP,B,ANDWEB,2.0,,A,0.0,286.1339817
1321526577,2026-09-27 01:48:01,-3,96255123,,400,WEB,B,MY,,,,,
1315272876,2026-09-16 13:34:48,151368213363,96255123,83244043.0,200,WEB,B,MY,8.0,,A,4.0,1367.41583838
1315914626,2026-09-17 16:38:59,151432854046,96255123,274835485.0,200,WEB,B,MY,1.0,,A,2.0,0.0
1316332484,2026-09-18 12:40:04,151524983795,96255123,233162502.0,200,WEB,B,MY,2.0,,A,0.0,1630.38364848
1317099774,2026-09-19 18:13:34,151531590334,95568576,254546511.0,200,APP,B,ANDWEB,37.0,,A,0.0,1149.36426414
1318779842,2026-09-22 14:44:25,151681537867,96255123,55921854.0,200,WEB,B,MY,8.0,,A,0.0,1068.75265836
1319518669,2026-09-23 21:42:10,151838305575,95568576,251689136.0,200,Notif,B,ANDWEB,1.0,,,,938.90978082
1320442415,2026-09-25 14:12:31,151940400459,96255123,275373958.0,200,WEB,B,MY,4.0,,A,1.0,1360.03846956
1320474784,2026-09-25 15:15:39,151946114395,95568576,240960873.0,200,APP,B,ANDWEB,1.0,,A,0.0,66.6252258
1321002661,2026-09-26 14:28:42,151914448767,95568576,217450791.0,200,APP,B,ANDWEB,5.0,,BA,0.0,677.13644256
1318901241,2026-09-22 18:23:31,151777966175,96255123,10307599.0,200,WEB,B,MY,1.0,,A,0.0,1339.22316498
1318975007,2026-09-23 01:26:31,151636569452,95568576,135394395.0,200,APP,B,ANDWEB,4.0,,F,0.0,507.1922727
1319518706,2026-09-23 21:42:25,151825325152,95568576,57274029.0,200,APP,B,ANDWEB,2.0,,A,1.0,0.0
1320474601,2026-09-25 15:15:16,151938189567,95568576,162458522.0,200,Notif,B,ANDWEB,1.0,,,,24.70193022
1321360937,2026-09-27 01:39:34,-4,96255123,,200,WEB,B,MY,,,,,
1321936210,2026-09-28 01:41:27,-4,95568576,,200,WEB,B,MY,,,,,
1322804736,2026-09-29 13:38:29,152089788446,96255123,263019799.0,200,WEB,B,MY,3.0,,A,0.0,801.370188
1322798876,2026-09-29 13:28:19,152164842867,96255123,111021022.0,200,WEB,B,MY,1.0,,A,1.0,300.97220736
1323232443,2026-09-30 10:13:31,152199481113,95568576,274325058.0,200,Notif,B,ANDWEB,1.0,,,,1547.81635656
1321936342,2026-09-28 01:41:27,-4,96255123,,200,WEB,B,MY,,,,,
1322799896,2026-09-29 13:30:00,152066395875,96255123,124357663.0,200,WEB,B,MY,3.0,,CB,0.0,1335.8389344
1322541718,2026-09-29 01:41:20,-4,95568576,,200,WEB,B,MY,,,,,
1322541841,2026-09-29 01:41:20,-4,96255123,,200,WEB,B,MY,,,,,
1322811606,2026-09-29 13:49:58,152080332375,96255123,164185701.0,200,WEB,B,MY,4.0,,A,0.0,1837.67808792
1322802269,2026-09-29 13:34:14,152147152459,96255123,66293729.0,200,WEB,B,MY,7.0,,A,0.0,1008.0030375
1322767505,2026-09-29 12:41:09,152137524034,95568576,273553938.0,200,APP,B,ANDWEB,1.0,,A,0.0,687.33996696
1323674233,2026-10-01 01:39:38,-4,96255123,,200,WEB,B,MY,,,,,
1323507496,2026-09-30 17:57:04,152253729352,95568576,251822410.0,200,Notif,B,ANDWEB,1.0,,,,0.0
1324134162,2026-10-01 22:37:36,152123101963,95568576,229399875.0,200,APP,B,ANDWEB,4.0,,F,0.0,1812.59462574
1297972482,2026-08-17 01:40:30,-4,11574612,,200,WEB,B,MY,,,,,
1297564174,2026-08-16 01:51:53,-3,11574612,,800,WEB,B,MY,,,,,
1298280389,2026-08-17 13:43:23,4635697336399,11574612,49988457.0,200,APP,C,ANDWEB,2.0,,A,0.0,
1299629837,2026-08-19 19:34:59,149857845146,11574612,273524518.0,200,APP,B,ANDWEB,7.0,,A,0.0,561.74407206
1299160370,2026-08-19 01:39:15,-4,11574612,,200,WEB,B,MY,,,,,
1300309421,2026-08-21 01:39:33,-4,11574612,,200,WEB,B,MY,,,,,
1300547322,2026-08-21 12:27:59,149927785346,11574612,22130314.0,200,APP,B,ANDWEB,6.0,,BA,7.0,490.70820414
1300546387,2026-08-21 12:26:46,149929474859,11574612,54072704.0,200,APP,B,ANDWEB,4.0,,A,7.0,490.70820414
1300686175,2026-08-21 16:27:34,149967940959,11574612,272093707.0,200,APP,B,ANDWEB,2.0,,A,4.0,1465.47376158
1300686452,2026-08-21 16:28:02,149920845134,11574612,273576681.0,200,APP,B,ANDWEB,9.0,,A,4.0,729.2538231
1300685999,2026-08-21 16:27:18,149960610895,11574612,202953379.0,200,Notif,B,ANDWEB,1.0,,,,838.48160148
1302099527,2026-08-24 01:40:42,-4,11574612,,200,WEB,B,MY,,,,,
1302697876,2026-08-25 01:39:22,-4,11574612,,200,WEB,B,MY,,,,,
1301525920,2026-08-23 01:39:17,-4,11574612,,200,WEB,B,MY,,,,,
1301685506,2026-08-23 01:51:09,-3,11574612,,600,WEB,B,MY,,,,,
1303262485,2026-08-26 01:39:30,-4,11574612,,200,WEB,B,MY,,,,,
1305564514,2026-08-30 01:47:41,-3,11574612,,1400,WEB,B,MY,,,,,
1305968137,2026-08-31 01:39:37,-4,11574612,,200,WEB,B,MY,,,,,
1306416755,2026-08-31 18:13:33,150502598895,11574612,130766203.0,200,APP,B,ANDWEB,6.0,,A,0.0,285.09392124
1306416283,2026-08-31 18:12:28,150518017695,11574612,273175856.0,200,APP,B,ANDWEB,1.0,,A,4.0,797.50199478
1303811586,2026-08-27 01:39:31,-4,11574612,,200,WEB,B,MY,,,,,
1304753921,2026-08-29 01:38:33,-4,11574612,,200,WEB,B,MY,,,,,
1305399864,2026-08-30 01:38:13,-4,11574612,,200,WEB,B,MY,,,,,
1306416891,2026-08-31 18:13:52,150491637559,11574612,217368765.0,200,APP,B,ANDWEB,8.0,,A,0.0,863.7189648
1304343887,2026-08-28 01:39:51,-4,11574612,,200,WEB,B,MY,,,,,
1307111146,2026-09-02 01:38:28,-4,11574612,,200,WEB,B,MY,,,,,
1307131431,2026-09-02 01:39:58,-4,64004566,,200,WEB,B,MY,,,,,
1308743471,2026-09-05 01:38:34,-4,11574612,,200,WEB,B,MY,,,,,
1309197305,2026-09-05 19:45:26,150792124195,11574612,248449392.0,200,Notif,B,ANDWEB,1.0,,,,1552.21921752
1309197527,2026-09-05 19:46:03,150812731313,11574612,274022332.0,200,APP,B,ANDWEB,3.0,,A,0.0,553.71519054
1307677707,2026-09-03 01:38:21,-4,11574612,,200,WEB,B,MY,,,,,
1308121492,2026-09-03 20:05:41,150689051059,11574612,184491783.0,200,APP,B,ANDWEB,6.0,,A,0.0,553.26337302
1307697656,2026-09-03 01:39:36,-4,64004566,,200,WEB,B,MY,,,,,
1309374607,2026-09-06 01:39:20,-4,64004566,,200,WEB,B,MY,,,,,
1308245297,2026-09-04 01:39:23,-4,64004566,,200,WEB,B,MY,,,,,
1308763894,2026-09-05 01:40:02,-4,64004566,,200,WEB,B,MY,,,,,
1309755731,2026-09-06 16:33:23,150817913575,11574612,58375387.0,200,APP,B,ANDWEB,7.0,,A,0.0,1606.4530098
1309518216,2026-09-06 01:47:28,-3,11574612,,800,WEB,B,MY,,,,,
1309945723,2026-09-07 01:40:55,-4,64004566,,200,WEB,B,MY,,,,,
1310326329,2026-09-07 16:34:03,150849184334,11574612,47310249.0,200,APP,B,ANDWEB,2.0,,A,4.0,505.91724672
1310326241,2026-09-07 16:33:52,150905502385,11574612,59576596.0,200,Notif,B,ANDWEB,1.0,,,,668.44635378
1310536243,2026-09-08 01:39:33,-4,64004566,,200,WEB,B,MY,,,,,
1311085804,2026-09-09 01:38:53,-4,11574612,,200,WEB,B,MY,,,,,
1311644705,2026-09-10 01:38:20,-4,11574612,,200,WEB,B,MY,,,,,
1310326496,2026-09-07 16:34:20,150843621895,11574612,132661481.0,200,APP,B,ANDWEB,4.0,,A,0.0,512.17463874
1311664405,2026-09-10 01:39:37,-4,64004566,,200,WEB,B,MY,,,,,
1311105306,2026-09-09 01:40:19,-4,64004566,,200,WEB,B,MY,,,,,
1312199401,2026-09-11 01:38:31,-4,11574612,,200,WEB,B,MY,,,,,
1313407146,2026-09-13 01:39:26,-4,64004566,,200,WEB,B,MY,,,,,
1313804413,2026-09-13 17:57:49,151278026985,11574612,274714256.0,200,Notif,B,ANDWEB,1.0,,,,1135.38643068
1313804487,2026-09-13 17:58:10,151171509652,11574612,75019384.0,200,APP,B,ANDWEB,4.0,,A,4.0,797.50199478
1313804456,2026-09-13 17:57:59,151247749759,11574612,273282770.0,200,APP,B,ANDWEB,2.0,,A,4.0,490.70820414
1310326408,2026-09-07 16:34:10,150832240259,11574612,162688438.0,200,APP,B,ANDWEB,3.0,,A,4.0,505.91724672
1312219122,2026-09-11 01:39:50,-4,64004566,,200,WEB,B,MY,,,,,
1312755597,2026-09-12 01:38:25,-4,11574612,,200,WEB,B,MY,,,,,
1312775376,2026-09-12 01:39:45,-4,64004566,,200,WEB,B,MY,,,,,
1313572344,2026-09-13 01:49:07,-3,64004566,,1400,WEB,B,MY,,,,,
1314115761,2026-09-14 11:17:09,151246593446,11574612,268554336.0,200,APP,B,ANDWEB,3.0,,A,0.0,781.79719026
1314472405,2026-09-15 01:39:53,-4,64004566,,200,WEB,B,MY,,,,,
1315554007,2026-09-17 01:38:12,-4,11574612,,200,WEB,B,MY,,,,,
1313547811,2026-09-13 01:48:14,-3,11574612,,800,WEB,B,MY,,,,,
1314115433,2026-09-14 11:16:31,151292484385,11574612,43498568.0,200,APP,B,ANDWEB,1.0,,A,4.0,1135.38643068
1315917093,2026-09-17 16:43:30,151483884652,11574612,238414091.0,200,APP,B,ANDWEB,12.0,,A,0.0,757.16892594
1313387154,2026-09-13 01:38:09,-4,11574612,,200,WEB,B,MY,,,,,
1313804532,2026-09-13 17:58:20,151155055967,11574612,274616609.0,200,APP,B,ANDWEB,5.0,,A,0.0,360.96635412
1313967728,2026-09-14 01:40:24,-4,64004566,,200,WEB,B,MY,,,,,
1314785198,2026-09-15 15:28:19,4770399437799,11574612,263804860.0,200,APP,C,ANDWEB,3.0,,BA,0.0,
1315573876,2026-09-17 01:39:26,-4,64004566,,200,WEB,B,MY,,,,,
1315022647,2026-09-16 01:40:31,-4,64004566,,200,WEB,B,MY,,,,,
1315914525,2026-09-17 16:38:50,151463124813,11574612,208478454.0,200,APP,B,ANDWEB,3.0,,A,7.0,490.70820414
1316444307,2026-09-18 15:55:31,151541071667,64004566,134153141.0,200,APP,B,ANDWEB,1.0,,A,2.0,0.0
1316440878,2026-09-18 15:49:27,151534526546,64004566,155826133.0,200,APP,B,ANDWEB,1.0,,A,2.0,0.0
1317318445,2026-09-20 01:39:23,-4,64004566,,200,WEB,B,MY,,,,,
1316316025,2026-09-18 12:15:22,151479000559,64004566,137081440.0,200,WEB,B,WA9696,,,,,0.0
1317122190,2026-09-19 18:58:50,151567224559,11574612,129711467.0,200,APP,B,ANDWEB,3.0,,A,0.0,1730.03224488
1317757263,2026-09-20 20:33:31,151663733434,64004566,48096943.0,200,Notif,B,ANDWEB,1.0,,,,0.0
1316340363,2026-09-18 12:52:01,151516719146,11574612,274910202.0,200,APP,B,ANDWEB,3.0,,A,0.0,498.86879136
1317484476,2026-09-20 01:47:34,-3,64004566,,1000,WEB,B,MY,,,,,
1317459764,2026-09-20 01:46:42,-3,11574612,,400,WEB,B,MY,,,,,
1317970034,2026-09-21 08:54:26,151661667063,64004566,184988591.0,200,APP,B,ANDWEB,1.0,,A,2.0,0.0
1318103715,2026-09-21 12:02:37,151686986459,64004566,275069097.0,200,APP,B,ANDWEB,1.0,,A,0.0,934.71835056
1316112194,2026-09-18 01:40:34,-4,64004566,,200,WEB,B,MY,,,,,
1317866548,2026-09-21 01:38:48,-4,11574612,,200,WEB,B,MY,,,,,
1317969651,2026-09-21 08:53:05,151573441295,64004566,249263346.0,200,APP,B,ANDWEB,3.0,,A,2.0,0.0
1317970160,2026-09-21 08:54:51,151672654875,64004566,110719793.0,200,APP,B,ANDWEB,2.0,,A,2.0,245.64688416
1318320480,2026-09-21 18:02:04,151718866959,64004566,16651642.0,200,Notif,B,ANDWEB,1.0,,,,0.0
1319599307,2026-09-24 01:38:02,-4,11574612,,200,WEB,B,MY,,,,,
1319618886,2026-09-24 01:39:13,-4,64004566,,200,WEB,B,MY,,,,,
1320085864,2026-09-24 22:23:21,151902044295,11574612,28613570.0,200,Notif,B,ANDWEB,1.0,,,,487.31255694
1318460016,2026-09-22 01:38:13,-4,11574612,,200,WEB,B,MY,,,,,
1318786630,2026-09-22 14:55:44,151765452834,11574612,197130789.0,200,APP,B,ANDWEB,2.0,,A,7.0,797.50199478
1319053226,2026-09-23 01:39:16,-4,64004566,,200,WEB,B,MY,,,,,
1320179148,2026-09-25 01:39:53,-4,64004566,,200,WEB,B,MY,,,,,
1321039853,2026-09-26 15:28:37,152004671263,11574612,275423972.0,200,Notif,B,ANDWEB,1.0,,,,588.17003946
1321212246,2026-09-26 21:17:02,4824165105699,11574612,34490354.0,200,APP,C,ANDWEB,8.0,,A,0.0,
1321517384,2026-09-27 01:47:42,-3,64004566,,600,WEB,B,MY,,,,,
1320692157,2026-09-26 01:38:05,-4,11574612,,200,WEB,B,MY,,,,,
1321212586,2026-09-26 21:18:10,152027016259,11574612,99529444.0,200,APP,B,ANDWEB,10.0,,A,0.0,466.5325227
1320712185,2026-09-26 01:39:16,-4,64004566,,200,WEB,B,MY,,,,,
1321492876,2026-09-27 01:46:50,-3,11574612,,1000,WEB,B,MY,,,,,
1321906278,2026-09-28 01:39:30,-4,11574612,,200,WEB,B,MY,,,,,
1321353626,2026-09-27 01:39:08,-4,64004566,,200,WEB,B,MY,,,,,
1322066254,2026-09-28 10:24:00,152081323546,11574612,274591842.0,200,APP,B,ANDWEB,5.0,,A,7.0,490.70820414
1322534694,2026-09-29 01:40:44,-4,64004566,,200,WEB,B,MY,,,,,
1322068559,2026-09-28 10:26:48,152047974567,11574612,196298006.0,200,APP,B,ANDWEB,3.0,,A,4.0,553.71519054
1322066014,2026-09-28 10:23:44,152060566134,11574612,223947831.0,200,APP,B,ANDWEB,4.0,,A,4.0,360.96635412
1323230373,2026-09-30 10:10:37,152206335246,11574612,149059290.0,200,APP,B,ANDWEB,2.0,,A,0.0,186.99415836
1321928232,2026-09-28 01:40:57,-4,64004566,,200,WEB,B,MY,,,,,
1322066737,2026-09-28 10:24:36,152070056875,11574612,35471790.0,200,APP,B,ANDWEB,1.0,,A,4.0,505.91724672
1322067287,2026-09-28 10:25:18,152061653575,11574612,275471488.0,200,APP,B,ANDWEB,2.0,,A,4.0,505.91724672
1322978572,2026-09-29 19:06:12,152050230363,11574612,94925849.0,200,APP,B,ANDWEB,3.0,,A,0.0,863.45529828
1322978044,2026-09-29 19:04:30,152155779963,11574612,275564935.0,200,APP,B,ANDWEB,3.0,,A,4.0,1465.47376158
1323189231,2026-09-30 08:54:36,152214440063,11574612,97278746.0,200,APP,B,ANDWEB,3.0,,A,7.0,490.70820414
1323115940,2026-09-30 01:39:30,-4,64004566,,200,WEB,B,MY,,,,,
1323666949,2026-10-01 01:39:12,-4,64004566,,200,WEB,B,MY,,,,,
1306682373,2026-09-01 10:04:04,150522323734,79859904,274108475.0,200,APP,B,ANDWEB,1.0,,CB,-2.0,245.71972092
1307468495,2026-09-02 15:53:13,150561263667,79859904,274050172.0,200,APP,B,ANDWEB,5.0,Construction hoist_p1121_mn1_rc2_at1_s589_g7_wc2_m135929_tr1_pn1,NE,4.0,863.511042
1307472025,2026-09-02 15:59:14,150559316652,79859904,138884131.0,200,APP,B,ANDWEB,4.0,Ace Tower Crane_p65436_mn1_rc2_at1_s589_g7_wc3_m193708_tr1_pn1,NE,4.0,1148.62601064
1307471090,2026-09-02 15:57:43,150586403713,79859904,116854693.0,200,APP,B,ANDWEB,1.0,Concrete  mixer Bucket_p147_rc2_at1_s151_g7_wc3_m659734_tr1_pn1,NE,4.0,269.55832506
1308249067,2026-09-04 01:39:37,-4,79859904,,200,WEB,B,MY,,,,,
1309259114,2026-09-05 22:53:17,150824836234,79859904,33710366.0,200,APP,B,ANDWEB,3.0,Tower Crane Spare_p43761_rc2_s589_g7_wc3_m129758_tr1_pn1,A,4.0,940.1334639
1309820622,2026-09-06 21:10:32,150827454295,79859904,84697876.0,200,APP,B,ANDWEB,1.0,Tower Crane Cabin Chair_p43761_rc2_at1_s589_g7_wc4_m25994_tr1_pn1,A,3.0,1148.62601064
1309259173,2026-09-05 22:53:31,150820491946,79859904,46016465.0,200,APP,B,ANDWEB,4.0,Tower Crane Spare_p43761_rc2_s589_g7_wc3_m129758_tr1_pn1,NE,4.0,399.59904816
1309156466,2026-09-05 18:05:30,150780541895,79859904,161482104.0,200,APP,B,ANDWEB,1.0,,A,-2.0,243.9514842
1308767657,2026-09-05 01:40:18,-4,79859904,,200,WEB,B,MY,,,,,
1310388656,2026-09-07 18:37:53,150895448813,79859904,199294737.0,200,APP,B,ANDWEB,7.0,Tower Crane Spare_p43761_rc2_s589_g7_wc3_m129758_tr1_pn1,NE,4.0,1017.97338222
1310356376,2026-09-07 17:27:11,150917601185,79859904,263491861.0,200,APP,B,ANDWEB,1.0,,BB,-1.0,33.86953986
1310988746,2026-09-08 20:25:37,150993817252,79859904,274488786.0,200,APP,B,ANDWEB,3.0,,A,4.0,1148.62601064
1310984875,2026-09-08 20:08:52,150949809975,79859904,49171398.0,200,APP,B,ANDWEB,1.0,,A,-2.0,240.03041736
1312058094,2026-09-10 17:53:05,151084603785,79859904,144024481.0,200,APP,B,ANDWEB,2.0,,A,4.0,863.511042
1311454373,2026-09-09 16:21:35,151042874459,79859904,24602131.0,200,Notif,B,ANDWEB,1.0,,,,16.0846782
1313262187,2026-09-12 21:06:43,151164739746,79859904,19139349.0,200,APP,B,ANDWEB,1.0,,A,1.0,1148.62601064
1314116039,2026-09-14 11:17:36,151305398646,79859904,225633791.0,200,APP,B,ANDWEB,1.0,,A,-1.0,22.45929786
1314845902,2026-09-15 17:21:22,151336845559,79859904,274762015.0,200,APP,B,ANDWEB,3.0,,A,-2.0,33.86953986
1312306202,2026-09-11 09:31:27,151137649559,79859904,6764929.0,200,Notif,B,ANDWEB,1.0,,,,36.63886746
1312628535,2026-09-11 18:37:57,151172435834,79859904,96965882.0,200,Notif,B,ANDWEB,1.0,,,,36.63886746
1313576988,2026-09-13 01:49:17,-3,79859904,,800,WEB,B,MY,,,,,
1313690599,2026-09-13 11:00:37,151256946185,79859904,27431367.0,200,Notif,B,ANDWEB,1.0,,,,19.80266952
1315877723,2026-09-17 15:28:55,151478136663,79859904,6488907.0,200,APP,B,ANDWEB,1.0,,F,1.0,33.86953986
1316246587,2026-09-18 10:41:11,151465032946,79859904,160149233.0,200,APP,B,ANDWEB,3.0,,A,0.0,980.48477382
1315577602,2026-09-17 01:39:40,-4,79859904,,200,WEB,B,MY,,,,,
1316247759,2026-09-18 10:42:41,151521747634,79859904,9119609.0,200,APP,B,ANDWEB,2.0,,A,0.0,780.82531062
1317489162,2026-09-20 01:47:44,-3,79859904,,1200,WEB,B,MY,,,,,
1317322166,2026-09-20 01:39:36,-4,79859904,,200,WEB,B,MY,,,,,
1317981810,2026-09-21 09:24:37,151668229463,79859904,42369503.0,200,APP,B,ANDWEB,1.0,,A,0.0,1745.84439114
1318189488,2026-09-21 14:13:39,151617928513,79859904,250731496.0,200,APP,B,ANDWEB,2.0,,BB,4.0,780.82531062
1318630246,2026-09-22 10:58:08,151712677467,79859904,275112272.0,200,APP,B,ANDWEB,1.0,,A,0.0,974.25142686
1318883709,2026-09-22 17:44:53,151770161859,79859904,272970912.0,200,APP,B,ANDWEB,1.0,,A,3.0,30.53461122
1318884502,2026-09-22 17:46:24,151734146046,79859904,68700438.0,200,APP,B,ANDWEB,1.0,,A,0.0,16.0846782
1319198681,2026-09-23 10:53:21,151810330975,79859904,14628364.0,200,APP,B,ANDWEB,1.0,,A,1.0,19.80266952
1317572647,2026-09-20 09:03:55,151627033346,79859904,21425094.0,200,APP,B,ANDWEB,5.0,,A,0.0,812.11182426
1319200080,2026-09-23 10:55:12,151775447259,79859904,274784685.0,200,APP,B,ANDWEB,5.0,,A,0.0,834.53617068
1320396388,2026-09-25 12:46:35,151939378134,79859904,105538079.0,200,APP,B,ANDWEB,1.0,,A,0.0,16.0846782
1318189430,2026-09-21 14:13:32,151662959667,79859904,63133766.0,200,APP,B,ANDWEB,1.0,,BB,0.0,1442.29170876
1318186602,2026-09-21 14:08:39,151618864334,79859904,95719817.0,200,APP,B,ANDWEB,6.0,,BB,0.0,162.99699714
1318854248,2026-09-22 16:50:45,151771558263,79859904,274938071.0,200,Notif,B,ANDWEB,1.0,,,,621.99250968
1318629936,2026-09-22 10:57:46,151633869352,79859904,271174791.0,200,APP,B,ANDWEB,5.0,,A,0.0,1436.40857778
1320469456,2026-09-25 15:05:37,151949046267,79859904,20452806.0,200,Notif,B,ANDWEB,1.0,,,,19.80266952
1319960248,2026-09-24 16:01:27,151891245785,79859904,77285358.0,200,APP,B,ANDWEB,1.0,,A,0.0,207.77151384
1321768216,2026-09-27 18:33:43,152069644567,79859904,139801182.0,200,APP,B,ANDWEB,1.0,,A,1.0,33.86953986
1321357263,2026-09-27 01:39:21,-4,79859904,,200,WEB,B,MY,,,,,
1322538298,2026-09-29 01:41:03,-4,79859904,,200,WEB,B,MY,,,,,
1323011596,2026-09-29 21:19:16,152195468459,79859904,46689120.0,200,APP,B,ANDWEB,5.0,,A,0.0,834.53617068
1323670621,2026-10-01 01:39:25,-4,79859904,,200,WEB,B,MY,,,,,
