attempt_id,fk_glusr_usr_id,redis_bucket,lead_bot_version,call_attempt_count,call_start_time,lead_call_duration,lead_call_summary,disposition_label,meeting_fixed,has_turn_transcript,has_evaluator_output
401884,2749178,PUA,main_vani,1,2026-08-20 13:29:44,16.0,The agent from IndiaMART called the lead regarding their activity on IndiaMART. The agent offered to schedule a meeting with a sales executive to assist the lead. The lead did not respond to the meeting proposal and the call disconnected abruptly.,Not Interested,0,0,1
353751,2634887,PIM,main_vani,4,2026-08-10 10:55:38,2.0,The call was abruptly disconnected by the agent after the initial greeting. There was no conversation with the lead.,General (talked),0,0,1
402890,2749178,PUA,main_vani,2,2026-08-20 16:31:01,18.0,"The agent called the lead from Ashok Enterprises regarding leads for Telescopic Crane Rental. The agent mentioned that they had previously spoken and the lead had requested a callback. However, the lead denied having any prior conversation or requesting a callback.",Not Interested,0,0,1
405347,2749178,PUA,main_vani,3,2026-08-21 11:50:41,35.0,The agent from IndiaMART called the lead from Ashok Enterprise regarding improving their profile. The lead had previously requested a callback. The call ended abruptly without a clear outcome.,Not Interested,0,0,1
350785,217760886,PUA,main_vani,3,2026-08-08 20:10:54,31.0,"The agent from IndiaMART called the lead regarding buyer inquiries in their area. The lead stated that they did not request a callback and mentioned they were busy, promising to call back later.",Call Later / Busy,0,0,1
348985,217760886,PUA,main_vani,1,2026-08-08 15:14:22,38.0,"The agent from IndiaMART called the lead regarding their interest in buyleads. The agent offered to set up a meeting with a sales executive. The lead informed the agent that the sales team was already present at their location. The agent then asked if any further assistance was needed, to which the lead replied negatively. The call ended with the agent thanking the lead for their time.",General (talked),0,0,1
402071,26900399,PIM,main_vani,1,2026-08-20 14:00:36,8.0,"The agent called a lead from Mohammed Engineering Works. The lead initially said 'yes' but then 'no' when asked if they were from Mohammed Engineering Works. The agent then introduced themselves as calling from IndiaMART, but the call disconnected abruptly.",Not Interested,0,1,1
320261,29265692,PUA,main_vani,1,2026-08-01 14:18:34,29.0,The agent from IndiaMART called the lead regarding their interest in buyleads. The agent proposed a meeting with a sales executive to assist the lead. The lead stated they were busy and could not meet.,Not Interested,0,0,1
318611,66179566,UA,main_vani,1,2026-08-01 09:26:04,14.0,"The agent initiated the call by asking if the lead was from Alvas International. The lead responded by asking who was calling, and the call ended without further interaction.",Not Interested,0,1,1
395767,270751783,UA,main_vani,4,2026-08-19 11:52:07,5.0,"The agent asked the lead if they were from Jaitra Digital Solution, but the lead did not respond, leading to an abrupt disconnection.",Not Interested,0,1,1
371929,271092163,PIM,main_vani,1,2026-08-13 13:29:46,84.0,"The agent called from IndiaMART to schedule a meeting for paid services. The lead repeatedly declined the offer, stating they were not interested in any services or a meeting and asked the agent to hang up.",Not Interested,0,1,1
386286,270751783,UA,main_vani,2,2026-08-17 12:02:40,32.0,The agent from IndiaMART called the lead to schedule a meeting with a sales executive regarding buyer inquiries in Ahmedabad. The lead stated that it has only been two months since they started and did not agree to a meeting.,Not Interested,0,0,1
391533,270751783,UA,main_vani,3,2026-08-18 11:56:13,22.0,The agent from IndiaMART called the lead regarding a callback request for Lead Management Software. The lead acknowledged the call.,Not Interested,0,0,1
344850,79859904,PUA,main_vani,3,2026-08-07 18:41:26,6.0,The agent initiated the call by asking if the recipient was from JSK Enterprises. The call disconnected abruptly after this initial question.,General (talked),0,0,1
398388,72293913,UA,main_vani,1,2026-08-19 18:05:44,6.0,"The agent initiated the call by asking if they were speaking with Kanpur Bijli Wala, to which the lead confirmed. The call ended abruptly after the lead's confirmation.",Not Interested,0,0,1
400124,72293913,UA,main_vani,2,2026-08-20 10:54:08,4.0,The agent initiated the call by asking if the lead was from Kanpur Bijli Wala. The call disconnected abruptly after this initial question.,Not Interested,0,0,1
344948,79859904,PUA,main_vani,4,2026-08-07 18:53:23,63.0,The agent from IndiaMART called the lead from JSK Enterprises to schedule a meeting to improve their catalogue. The lead agreed to a physical meeting with a sales executive tomorrow at 11 AM at Sector 2.,Meeting Fixed,1,1,1
403077,83816210,PUA,main_vani,1,2026-08-20 16:52:28,57.0,The agent from IndiaMART called the lead regarding their interest in buyleads. The agent proposed a meeting with a sales executive. The lead agreed to a meeting tomorrow after 11:30 AM. The agent confirmed the meeting for 11:30 AM tomorrow and mentioned that the executive would call before arriving. The lead acknowledged the confirmation.,Meeting Fixed,1,0,1
325303,75623573,UA,main_vani,6,2026-08-03 12:01:24,2.0,The call was abruptly disconnected after the agent's initial greeting.,Not Interested,0,0,1
424435,78653648,PIM,arrowhead,1,2026-08-25 15:43:56,215.0,"Seller clarified they opened the page by mistake, expressed no interest in paid services, and requested the call be ended.",General (talked),0,1,1
380321,94579284,PIM,main_vani,1,2026-08-15 12:27:40,124.0,"The agent from IndiaMART called the lead to discuss paid services and offered to schedule a meeting. The lead repeatedly stated that he was not free and not interested in a meeting, even when the agent clarified that the meeting was free and aimed at improving his profile for more buyer inquiries. The lead ultimately declined any meeting or further discussion.",Not Interested,0,1,1
328249,94579284,PIM,main_vani,1,2026-08-04 11:08:43,7.0,The agent called Khodal Industries and asked if they were speaking with them. The call ended abruptly without further conversation.,Not Interested,0,0,1
332080,89915301,PIM,main_vani,1,2026-08-05 09:55:34,69.0,The agent from IndiaMART called the lead from S.K. Enterprises to discuss their IndiaMART profile. The lead agreed to a meeting for the next day at 11 AM at the Ahmad Nagar location.,Meeting Fixed,1,0,1
381001,94579284,PIM,main_vani,2,2026-08-15 15:30:20,5.0,"The agent initiated the call by asking if the lead was from Khodal Industries. The lead did not respond to the agent's question, and the call ended abruptly.",Not Interested,0,0,1
386066,94579284,PIM,main_vani,3,2026-08-17 11:57:15,13.0,"The agent initiated the call by asking if the lead was from Khodal Industries. The lead responded with 'main suniye' and then 'yeah, go ahead. Haan, Bharat Kaka?'. The call ended abruptly without further conversation.",Not Interested,0,0,1
399282,108096179,PAM,main_vani,1,2026-08-20 09:15:35,23.0,The agent from IndiaMART introduced herself and mentioned that the lead had attempted to purchase a paid package from IndiaMART. The agent offered assistance to the lead regarding their catalog.,Not Interested,0,0,1
415661,94579284,PIM,main_vani,1,2026-08-24 09:18:19,9.0,The agent initiated the call by asking if the lead was from Khodal Industries. The call disconnected abruptly after the agent's greeting.,Not Interested,0,0,1
390991,94579284,PIM,main_vani,4,2026-08-18 11:52:58,3.0,The agent initiated the call by asking if the recipient was from Khodal Industries. The call ended abruptly without further conversation.,Not Interested,0,0,1
377887,148480662,PUA,main_vani,1,2026-08-14 18:39:42,17.0,"The agent called the lead from Agrim Wholesale regarding buyleads on IndiaMART. The lead interrupted, stating that their team would connect and asked the agent to leave it for now.",General (talked),0,0,1
391466,148480662,PIM,main_vani,3,2026-08-18 11:55:43,16.0,"The agent called a lead, but it turned out to be a wrong number. The lead confirmed it was a wrong number, and the agent apologized and ended the call.",Call Later / Busy,0,0,1
434159,148480662,PIM,main_vani,2,2026-08-27 18:30:29,3.0,The agent initiated the call by asking if the recipient was from Agrim Wholesale. The call disconnected abruptly after this initial question.,Not Interested,0,0,1
386711,148480662,PIM,main_vani,2,2026-08-17 13:20:20,16.0,"The agent called a lead, but the lead stated that it was a wrong number. The agent apologized and ended the call.",Call Later / Busy,0,0,1
433237,148480662,PIM,main_vani,1,2026-08-27 15:27:10,7.0,"The agent called a lead asking if they were from Agrim Wholesale. The lead responded by saying 'no', indicating that the agent had reached the wrong number.",Call Later / Busy,0,0,1
384764,148480662,PIM,main_vani,1,2026-08-17 10:26:49,15.0,The agent introduced herself from IndiaMART and mentioned that the lead was exploring paid services. The call disconnected abruptly before the agent could complete her sentence about scheduling a meeting with a sales executive.,Not Interested,0,0,1
74041,11574612,PUA,main_vani,1,2026-05-06 15:23:05,36.0,"The agent from IndiaMART called the lead regarding their interest in buyleads. The agent offered to set up a meeting with a sales executive to assist the lead. The lead declined the meeting, stating they are not available at the moment.",Call Later / Busy,0,0,0
76079,11574612,PUA,main_vani,3,2026-05-07 14:10:52,88.0,"The agent from IndiaMART called the lead regarding a previous conversation about increasing buyer inquiries. The lead initially denied asking for a callback but then stated they would be available next week. When asked for a specific day and time, the lead said they would be able to provide that next week. The agent pressed for a rough time, and the lead mentioned the 18th. The agent then asked for a preferred time between 11 AM and 5 PM on the 18th.",Call Later / Busy,0,0,0
80142,35178446,PUA,main_vani,2,2026-05-09 12:20:37,67.0,The agent called the lead from Aqua King Enterprise to discuss IndiaMART's services and schedule a meeting with a sales executive. The lead explicitly stated multiple times that they were not interested in a meeting or any services from IndiaMART.,General (talked),0,0,0
80976,248930282,PAM,arrowhead,2,2026-05-10 10:02:22,52.0,"The caller greeted the agent, asked if their conversation was with Lata Enterprises, and repeated a hello. No further information was exchanged.",General (talked),0,0,0
95178,39067747,PUA,main_vani,4,2026-05-17 10:50:26,6.0,The agent initiated the call by asking if they were speaking with Purvi Enterprises. The call ended abruptly without further conversation.,Not Interested,0,0,0
112964,43232668,PUA,main_vani,1,2026-05-28 14:11:27,110.0,"The agent called the lead from Vardhman Homeopathy Pharmacy to discuss their interest in IndiaMART. The agent mentioned that the lead was checking buyleads and offered a meeting with a sales executive to assist them. The lead expressed concerns about competition and not getting good inquiries, stating that they would be charged money. The agent tried to explain the benefits and mentioned other businesses getting good returns. The lead ultimately declined the meeting, stating that they already have people from IndiaMART visiting them.",General (talked),0,0,0
93181,266709159,PAM,main_vani,3,2026-05-15 20:03:14,32.0,"The agent called the lead from IndiaMART, following up on a previous conversation. The lead informed the agent that their shop was closed and asked the agent to call back the next day at 12 PM. The agent agreed to call back at the specified time.",Call Later / Busy,0,0,0
96977,266709159,PAM,main_vani,4,2026-05-18 12:11:54,15.0,The agent asked the lead if they were associated with 'Interiors and Flowers LLP'. The lead started to respond but the call disconnected abruptly.,Not Interested,0,0,0
91046,266709159,PAM,main_vani,1,2026-05-14 16:15:56,103.0,The agent from IndiaMART called the lead regarding a paid package. The lead initially asked the agent to call back at 6 PM today to confirm a time. The agent informed the lead about the callback timings (9 AM to 9 PM) and also mentioned that executives have meetings today. The lead then agreed for a callback tomorrow at 6 PM.,Call Later / Busy,0,0,0
99099,269199949,UA,main_vani,1,2026-05-19 15:39:54,153.0,"The agent contacted the lead from Ma Mumbadevi Creations regarding IndiaMart services. The lead initially inquired about the nature of the meeting and mentioned they don't have a catalogue. The lead then revealed that an IndiaMart executive had already visited them recently ('Abhi toh banda aakar gaya aapka'). The agent continued to push for a meeting, but the lead's statement indicates a recent interaction has already taken place regarding the service.",General (talked),0,0,0
90755,74672649,PIM,main_vani,1,2026-05-14 14:00:47,58.0,"The agent called the lead from KR Impex regarding their interest in IndiaMART's paid services. The agent tried to schedule a meeting with a sales executive, but the lead did not provide a suitable time within the available slots (11 AM to 5 PM). The call ended without a meeting being booked.",Not Interested,0,0,0
81736,78653648,PIM,main_vani,6,2026-05-10 11:51:39,44.0,"The agent from IndiaMART called the lead from K.K. Engineering Services to discuss improving their profile. The agent mentioned that other businesses in their area are benefiting from IndiaMART. The lead, however, explicitly stated they are not interested in a meeting and asked not to be called again.",Not Interested,0,0,0
75783,78653648,PIM,main_vani,2,2026-05-07 11:52:51,72.0,The agent called the lead from IndiaMART regarding buyer inquiries in their area. The lead was more interested in knowing the agent's location rather than discussing the business opportunity. The call ended abruptly without a clear outcome.,Not Interested,0,0,0
76087,78653648,PIM,main_vani,3,2026-05-07 14:10:53,26.0,"The agent called the lead from IndiaMART, mentioning a previous conversation where the lead had inquired about an agent's location and asked for a callback to discuss business opportunities. The lead acknowledged the agent's introduction.",Not Interested,0,0,0
73872,78653648,PIM,main_vani,1,2026-05-06 14:12:29,31.0,The agent called the lead from Indiamart regarding their paid services. The lead stated that he is busy and will call back later if he is interested.,Call Later / Busy,0,0,0
80004,78653648,PIM,main_vani,5,2026-05-09 11:56:34,5.0,The agent initiated the call by asking if the lead was from K.J. Engineering Services. The lead responded with a simple 'Hello' and the call ended abruptly.,Not Interested,0,0,0
77864,78653648,PIM,main_vani,4,2026-05-08 11:54:03,5.0,"The agent initiated the call by asking if the recipient was from K.K. Engineering Services. The call ended abruptly after this question, with no response from the lead.",Not Interested,0,0,0
74020,94058105,PIM,main_vani,1,2026-05-06 15:11:14,15.0,The agent from IndiaMART called the lead from Namisha Trading Company to discuss IndiaMART's paid services. The lead confirmed they are from Namisha Trading Company and operate in New Delhi. The call disconnected abruptly before the agent could explain the services.,Not Interested,0,0,0
102776,90387690,PIM,main_vani,1,2026-05-21 19:51:05,23.0,The agent called Sangam Enterprises but the lead did not respond. The agent asked if the lead was still there and then wished them a good day before disconnecting.,Not Interested,0,0,0
100594,125787358,PIM,arrowhead,1,2026-05-20 14:24:31,30.0,"The agent introduced herself as Payal from IndiaMART and identified the prospect as exploring paid services. She highlighted that several buyers have shown interest in the prospect's profile and suggested that using IndiaMART experts could triple that interest. The prospect asked a question about ""गैंगोरी creation"" and requested clarification, but the call transcript ends before the agent's response.",General (talked),0,0,0
95053,138893458,UA,main_vani,1,2026-05-17 09:12:35,81.0,The agent from IndiaMART called the lead to schedule a meeting with a sales executive regarding buyer inquiries in their category. The lead mentioned an issue with their profile showing 'tractor parts' instead of '2-wheeler auto parts'. The agent assured that the sales executive would help fix this. The lead agreed to a meeting between 10 AM and 6 PM. The agent scheduled the meeting between 11:30 AM and 5 PM.,Meeting Fixed,1,0,1
127048,2749178,PIM,main_vani,2,2026-06-05 16:32:30,23.0,The agent called the lead from Ashok Enterprise. The lead did not respond to the agent's questions and remained silent throughout the call. The agent thanked the lead for their time and wished them a good day before disconnecting the call.,Not Interested,0,0,0
160940,2749178,PIM,main_vani,1,2026-06-19 09:40:48,12.0,"The agent tried to confirm if the lead was from Ashok Enterprise and if they were still there, but received no response.",Not Interested,0,0,0
143926,7482803,UA,main_vani,1,2026-06-13 16:55:25,22.0,"The agent from IndiaMART called the lead from Mittal Refractories regarding buyer inquiries in Muzaffarnagar. The agent mentioned that there are over 175 buyer inquiries in the lead's category and suggested a meeting with a sales executive. The lead, however, stated that he would not be taking any package.",General (talked),0,0,0
169831,23139369,PUA,main_vani,2,2026-06-22 11:56:27,38.0,"The agent contacted the lead from Lakshmi Pest Control regarding improving their profile visibility on IndiaMART. The lead mentioned they were currently outdoors and requested the agent to call back after the 26th, noting that they had mentioned this previously. The agent agreed to call after the 26th.",Call Later / Busy,0,0,0
184197,23139369,PUA,main_vani,3,2026-06-27 11:53:33,8.0,The agent called the lead from IndiaMART to discuss pest control services. The lead confirmed they are from Lakshmi Pest Control Services. The call got disconnected abruptly before the agent could complete the pitch.,Not Interested,0,0,0
166489,23139369,PUA,main_vani,1,2026-06-20 19:51:19,44.0,"The agent contacted the lead from Lakshmi Pest Control Services to schedule a meeting with a sales executive regarding IndiaMART buyleads. The lead mentioned being outdoors and unable to commit to a specific time immediately, stating they would update later.",Call Later / Busy,0,0,0
152293,29384871,PIM,last_met_d,1,2026-06-16 14:08:26,15.0,The agent initiated the call by asking if the recipient was from Ashish Enterprises. The call was abruptly disconnected without any further conversation.,Not Interested,0,0,0
178472,243689317,PUA,last_met_d,2,2026-06-25 12:32:53,7.0,The agent initiated the call by asking if the recipient was from Maruti Enterprise. The call ended abruptly without further conversation.,Not Interested,0,0,0
177357,243689317,PUA,last_met_d,1,2026-06-25 09:25:44,49.0,"The agent called the lead from Maruti Enterprise to follow up on a previous discussion regarding business opportunities on IndiaMART. The agent proposed a short follow-up meeting to discuss profile optimization and new opportunities. The lead declined the meeting, stating that they do not need any more visits or phone calls.",General (talked),0,0,0
152180,41440640,PUA,main_vani,2,2026-06-16 13:40:18,59.0,"The agent from IndiaMART called the lead from Shree Paper Traders LLP to discuss business opportunities. The agent mentioned that there have been over 170 buyer inquiries in the lead's category since their last meeting and offered to schedule a quick discussion with a sales executive. The lead stated that they had already had a meeting before and are not interested at the moment, but will contact IndiaMART if needed in the future.",General (talked),0,0,0
155244,41440640,PUA,last_met_d,3,2026-06-17 11:59:16,11.0,The agent from IndiaMART called the lead from Shree Paper Traders LLP. The agent mentioned that it has been a long time since their last call. The lead acknowledged the call but the conversation ended abruptly without any clear outcome or commitment from the lead.,Not Interested,0,0,0
171277,270751783,UA,main_vani,1,2026-06-22 18:29:24,18.0,"The agent contacted the lead from Jaitra Digit L Solution to schedule a meeting with a sales executive due to high buyer inquiries in Ahmedabad. However, the call ended abruptly after the agent asked for the lead's availability for the next day.",Not Interested,0,0,0
186280,58553032,UA,arrowhead,1,2026-06-28 09:05:51,52.0,"No substantive discussion; user only sent brief messages, no meeting scheduled, no product details, no preferences.",General (talked),0,0,0
138176,72293913,UA,main_vani,1,2026-06-11 19:02:38,63.0,The agent called the lead from Kanpur Bijli Wala to discuss business opportunities on IndiaMART. The lead initially declined a meeting but then agreed to a meeting between 12 PM and 2 PM the next day. The agent scheduled the meeting for 1 PM the next day.,Meeting Fixed,1,0,1
170078,94579284,PIM,last_met_d,1,2026-06-22 12:17:45,45.0,The agent followed up with the lead from Khodal Industries to explore better business opportunities on their profile. The lead agreed to a meeting tomorrow afternoon after 3 PM.,Meeting Fixed,1,0,1
180212,147028331,PIM,main_vani,1,2026-06-26 09:18:32,19.0,"The agent introduced herself from IndiaMART and mentioned that the lead was exploring IndiaMART's paid services. She tried to schedule a meeting with a sales executive to discuss this further. However, the lead was unresponsive and kept repeating some phrases. The call ended without any clear outcome.",Not Interested,0,0,0
145909,147028331,PAM,main_vani,1,2026-06-14 13:58:13,177.0,The agent from IndiaMART called the lead to discuss the paid package and improve their catalog. The agent mentioned that there are over 61 buyer inquiries in the lead's category and offered a meeting with a sales executive to explain the details and process. The lead inquired about the cost of the annual plan and the lock-in period. The lead asked for the sales executive's number to call back later.,Call Later / Busy,0,0,0
151701,147028331,PAM,main_vani,3,2026-06-16 11:56:09,5.0,The agent initiated the call by asking if the recipient was from Bharat Handicraft. The call ended abruptly without further conversation.,Not Interested,0,0,0
165652,95568576,PUA,main_vani,1,2026-06-20 15:29:21,48.0,"The agent contacted the lead from Alpha Enterprises to schedule a meeting with a sales executive regarding buyer leads on IndiaMART. The lead mentioned that the account was created for demo purposes and that they already work in IndiaMART. The agent reiterated that the executive could guide them through their concerns and asked to schedule a meeting for Monday, but the call ended without a response from the lead.",Not Interested,0,0,0
148099,147028331,PAM,main_vani,2,2026-06-15 11:54:49,63.0,The agent called the lead from IndiaMART regarding Tulsi Pot. The agent mentioned that there are buyer inquiries in the lead's area and suggested a meeting to improve their profile. The lead stated that they do not have time right now and are not interested in getting it done.,General (talked),0,0,0
207165,2749178,SCHD,main,1,2026-07-04 09:32:55,76.0,"The agent called the lead from Ashok Enterprise regarding a demo booked on IndiaMART. The agent tried to schedule a meeting for Monday, but the lead's voice was unclear throughout the call, making communication difficult. The agent eventually suggested calling back later due to the persistent audio issues.",Not Interested,0,0,1
305199,187887068,PIM,main_vani,1,2026-07-27 19:06:45,13.0,The agent called the lead from Ziptron Enterprise. The lead confirmed their identity. The call ended abruptly without further discussion.,Not Interested,0,0,1
230958,187887068,OLP,main_vani,1,2026-07-09 14:37:14,55.0,"The agent contacted the lead from Ziptron Enterprise regarding their interest in IndiaMART Buyleads. The agent proposed a meeting with a sales executive to improve the lead's catalog and capture high buyer inquiry volume. The lead expressed hesitation, stating they were just browsing and do not have funds to invest currently. Despite the agent's explanation of potential inquiries, the lead explicitly stated they have no such plan at the moment.",General (talked),0,0,1
295861,13648325,SCHD,main_vani,1,2026-07-25 09:22:00,13.0,The agent from IndiaMart called the lead regarding a demo booking on IndiaMart. The lead acknowledged the call but the conversation ended abruptly before any further discussion or commitment.,Not Interested,0,0,1
238833,13648325,UA,last_met_d,2,2026-07-11 13:27:49,20.0,The agent called a lead from Hariom Steel and Engineers. The lead stated that they do not have any work.,General (talked),0,0,0
272543,13648325,PIM,arrowhead,4,2026-07-19 11:01:09,66.0,Seller was greeted and asked about interest in IndiaMart paid services; no further details provided.,General (talked),0,0,1
253077,13648325,PUA,last_met_d,1,2026-07-14 14:16:40,2.0,The agent initiated the call by asking if they were speaking with Hariom Steel and Engineers. The call disconnected abruptly after this initial question.,Not Interested,0,0,1
247229,13648325,UA,last_met_d,4,2026-07-13 12:08:49,4.0,The agent greeted the lead and asked if they were speaking with Hariom Steel & Engineers. The lead responded with 'What?' and the call ended.,Not Interested,0,0,0
245898,43232668,UA,last_met_d,3,2026-07-12 19:40:29,43.0,The agent informed the lead about buyer enquiries in Moradabad and proposed a meeting with a sales executive. The lead agreed to a meeting tomorrow at 3 PM at the Ram Ganga Vihar location.,Meeting Fixed,1,1,1
275058,271092163,NUR,main_vani,1,2026-07-19 17:46:16,87.0,"The agent called the lead from IndiaMART regarding their recently created account. The agent proposed a meeting with a sales executive to discuss increasing profile visibility. The lead initially suggested today, but the agent said it was not possible. The lead then agreed to a physical meeting tomorrow at 2:30 PM in New Delhi.",Meeting Fixed,1,0,1
265361,95568576,PIM,main_vani,1,2026-07-17 12:43:50,2.0,The agent initiated the call by asking if the recipient was from Alpha Enterprises. The call disconnected abruptly after this initial question.,Not Interested,0,0,1
254120,96255123,PIM,main_vani,1,2026-07-14 16:12:23,77.0,"The lead, representing KK Sons & Co, initially expressed dissatisfaction with their current paid membership, citing a lack of leads. The agent explained that optimizing their catalog could help capture high buyer inquiry volumes in their category. The lead explicitly agreed to a meeting to discuss this. A physical meeting was scheduled for tomorrow, July 15, 2026, at 1:30 PM at the Gandhinagar location.",Meeting Fixed,1,1,1
293672,94579284,PIM,main_vani,1,2026-07-24 13:44:54,27.0,"The agent called the lead from Khodal Industries to discuss IndiaMART's paid services and proposed a meeting with a sales executive. The lead declined the meeting, stating ""abhi nahi"" (not now).",Not Interested,0,0,1
289080,95568576,PIM,main_vani,3,2026-07-23 12:57:20,76.0,The agent from IndiaMART called the lead from Alpha Enterprises regarding buyer inquiries for SanDisk Pen Drives. The agent proposed a meeting with a sales executive to improve the lead's catalog. The lead agreed to a physical meeting tomorrow at 3 PM in New Delhi.,Meeting Fixed,1,0,1
232730,95568576,PIM,last_met_d,1,2026-07-09 18:39:27,75.0,The agent from IndiaMART called the lead to discuss paid services and schedule a meeting with a sales executive. The lead agreed to a physical meeting on August 1st at 3:00 PM in Sector 18.,Call Later / Busy,0,1,1
225835,94579284,PIM,last_met_d,2,2026-07-08 13:04:06,4.0,The agent initiated the call by asking if the recipient was from Khodal Industries. The call ended abruptly after this question.,Not Interested,0,0,0
223944,94579284,PIM,last_met_d,1,2026-07-08 09:57:48,60.0,"The agent called the lead from Khodal Industries regarding IndiaMART's paid services. The agent informed the lead about buyer inquiries in their category and offered a meeting with a sales executive. The lead stated that they had already had a meeting and then declined another meeting, expressing no interest.",General (talked),0,0,1
195375,95568576,PAM,main,1,2026-07-01 09:18:43,4.0,The agent initiated the call by asking if the lead was from Alpha Enterprises. The call ended abruptly without further conversation.,Not Interested,0,0,0
290814,137941261,PIM,main_vani,1,2026-07-23 16:50:30,24.0,"The agent called the lead and asked if they were speaking from Maa Kali Roadways. The lead did not respond, and the agent disconnected the call after thanking them for their time.",Not Interested,0,0,1
257960,138893458,PUA,main_vani,1,2026-07-15 15:09:36,32.0,"The agent from IndiaMART called the lead regarding their interest in buyleads. The agent offered to set up a meeting with a sales executive to assist the lead. The lead's responses were minimal and unclear, indicating they were using something but not providing a clear answer regarding the meeting.",Not Interested,0,0,1
315314,147028331,PIM,main_vani,1,2026-07-31 09:09:34,62.0,The agent from IndiaMART called the lead regarding their interest in paid services. The agent proposed a meeting with a sales executive. The lead agreed to a meeting and the agent scheduled it for tomorrow at 10:30 AM in Hathras.,Meeting Fixed,1,0,1
317632,108829176,PUA,main_vani,1,2026-07-31 16:13:53,7.0,The agent initiated the call by asking if they were speaking with Neha Enterprises. The call disconnected abruptly after the agent's question.,Not Interested,0,0,1
529473,4343609,PUA,main_vani,1,2026-09-19 11:04:16,7.0,The agent initiated the call by asking if the recipient was from Hermes Sports. The call ended abruptly without further conversation.,General (talked),0,0,0
577081,187887068,PUA,personalis,2,2026-09-30 16:10:49,11.0,"The agent tried to confirm if they were speaking with Ziptron Enterprise, but the lead's response was unclear due to a bad connection. The agent apologized and attempted to reconfirm the name.",General (talked),0,0,1
576736,187887068,PUA,personalis,1,2026-09-30 15:16:35,23.0,The agent called the lead from Ziptron Enterprise to discuss buyer demand in zipper categories in Surat. The lead confirmed they are a retail business. The call disconnected abruptly before the agent could complete her pitch about the sales executive.,General (talked),0,0,1
568576,203498530,PUA,main_vani,2,2026-09-28 13:20:34,93.0,The agent pitched IndiaMart's premium services to the owner of Arina Enterprises. The lead expressed interest in knowing more and agreed to a meeting with the sales executive scheduled for tomorrow at 12 PM.,Meeting Fixed,1,0,1
568304,203498530,PUA,main_vani,1,2026-09-28 12:18:52,110.0,"The agent called the lead from Arina Enterprises regarding buyleads on IndiaMART. The agent proposed a meeting with a sales executive to assist the lead. However, the call was repeatedly put on hold by the lead, and the conversation could not progress. The lead did not agree to a meeting or a callback.",General (talked),0,0,1
548476,184577152,PUA,main_vani,1,2026-09-22 16:42:50,42.0,The agent called the lead from IndiaMART regarding buyleads. The agent offered to set up a meeting with a sales executive. The lead agreed to a meeting tomorrow at 4 PM. The lead also confirmed that the Tigri location is convenient for the meeting.,Meeting Fixed,1,0,1
577843,187887068,PUA,personalis,3,2026-09-30 18:10:53,4.0,"The agent tried to connect with Ziptron Enterprise, but the call was abruptly disconnected before any meaningful conversation could take place.",General (talked),0,0,1
576361,14621909,UA,arrowhead,1,2026-09-30 14:03:32,38.0,Bot offered a free meeting to boost buyer interest and proposed scheduling it for tomorrow afternoon.,General (talked),0,0,1
554083,225852776,PIM,main_vani,1,2026-09-24 12:48:04,18.0,The agent from IndiaMART called the lead to discuss their paid services. The agent informed the lead that a sales executive would like to have a short meeting with them to discuss this further. The agent asked the lead about their availability for a 15-20 minute meeting the next day.,General (talked),0,0,1
554287,225852776,PIM,main_vani,2,2026-09-24 13:41:49,4.0,The agent initiated the call by asking if the lead was from Gera Foam House. The lead responded with a simple 'Hello' and the call ended without further interaction.,General (talked),0,0,1
477944,26900399,PIM,main_vani,6,2026-09-08 11:20:35,4.0,"The agent called the lead from ""Mohamed Engineering Works"" but the lead did not respond to the agent's question and the call got disconnected.",General (talked),0,0,0
465985,211860075,PIM,main_vani,1,2026-09-05 10:22:28,59.0,"The agent from IndiaMART called the lead from Chaudhary Engineering Works regarding their interest in IndiaMART's paid services. The agent proposed a meeting with a sales executive. The lead agreed to a meeting on Monday between 12 PM and 1 PM. The agent confirmed the meeting for Monday at 12 PM at the Sudarshan Park location, which the lead accepted.",Meeting Fixed,1,0,1
477826,26900399,PIM,main_vani,4,2026-09-08 10:55:24,5.0,The agent called the lead and asked if they were from Mohammed Engineering Works. The lead did not respond and the call disconnected abruptly.,General (talked),0,0,0
476015,26900399,PIM,main_vani,3,2026-09-07 17:20:44,5.0,"The agent initiated the call by asking if the lead was from Mohammed Engineering Works. The lead responded with 'Okay, before we begin—' and the call disconnected abruptly.",General (talked),0,0,1
474708,26900399,PIM,main_vani,1,2026-09-07 14:10:24,9.0,The agent initiated the call by asking if the recipient was from Mohammed Engineering Works. The call ended abruptly without further conversation.,Not Interested,0,0,1
459337,43232668,PUA,arrowhead,1,2026-09-03 09:20:48,416.0,"Seller declined free meeting, expressed frustration with frequent buyer calls, requested to stop calls and asked for Paytm money.",General (talked),0,0,1
464110,49939718,UA,arrowhead,1,2026-09-04 15:19:41,33.0,"Seller confirmed identity, expressed openness, provided general availability Monday to Saturday 11 am‑5 pm, no specific meeting set.",Meeting Fixed,1,0,1
482547,26900399,PIM,main_vani,8,2026-09-09 11:10:25,4.0,The agent initiated the call by asking if the recipient was from Mohammed Engineering Works. The call ended abruptly without further conversation.,General (talked),0,0,1
482452,26900399,PIM,main_vani,7,2026-09-09 10:53:29,8.0,The agent initiated the call by asking if the recipient was from Mohammed Engineering Works. The call ended abruptly without further conversation.,General (talked),0,0,1
475944,26900399,PIM,main_vani,2,2026-09-07 17:10:42,8.0,"The agent called the lead and asked if they were from Mohammed Engineering Works. The lead did not respond, and the call ended abruptly.",General (talked),0,0,1
477871,26900399,PIM,main_vani,5,2026-09-08 11:00:27,3.0,"The agent called the lead, but the call was abruptly disconnected before any meaningful conversation could take place.",General (talked),0,0,0
455300,58179081,PUA,main_vani,1,2026-09-02 10:45:57,3.0,"The agent initiated the call by asking if the lead was from Siddhi Vinayak Plastic, but the call disconnected abruptly before any response or further conversation could take place.",Not Interested,0,0,1
561536,70382549,PUA,main_vani,1,2026-09-26 15:09:41,49.0,The agent called the lead from IndiaMART to discuss their business profile and photos. The agent offered to send an executive to the lead's location to fix their profile and photos for free. The lead agreed to a meeting on Monday at 12 PM.,Meeting Fixed,1,0,1
548021,70382549,UA,main_vani,1,2026-09-22 15:34:24,34.0,"The agent from IndiaMART called the lead from Pal Electrical Works regarding buyer inquiries in Noida. The agent proposed a meeting with a sales executive. The lead stated he was out of Noida in Rohini Nagar. The agent then suggested an online meeting, but the lead declined, stating he did not have time.",Not Interested,0,0,1
574147,78653648,UA,arrowhead,3,2026-09-29 18:10:41,60.0,"Seller declined the free meeting, citing inability to attend; no alternative contact or schedule provided.",Not Interested,0,0,1
487732,93099060,PIM,main_vani,6,2026-09-10 12:20:36,24.0,The lead asked the agent to put their number on DND and stated that they would call if they needed anything. The lead also mentioned that they do not want to be disturbed.,Not Interested,0,0,1
549113,70382549,UA,main_vani,3,2026-09-22 18:30:46,19.0,The lead is currently driving and requested the agent to call back later. The agent acknowledged the request and ended the call.,Call Later / Busy,0,0,1
573396,78653648,UA,arrowhead,2,2026-09-29 16:18:59,11.0,,General (talked),0,0,1
548399,70382549,UA,main_vani,2,2026-09-22 16:30:41,55.0,The agent contacted the lead from Pal Electrical Works. The lead confirmed his identity and requested the agent to communicate in Hindi as he does not understand English. No business discussion or meeting request has taken place yet.,General (talked),0,0,1
487646,94579284,PIM,main_vani,6,2026-09-10 12:11:38,4.0,The agent initiated the call by asking if the lead was from Khodal Industries. The call ended abruptly without any further conversation or response from the lead.,General (talked),0,0,0
487735,94579284,PIM,main_vani,7,2026-09-10 12:20:38,19.0,"The agent called a number and asked if it was Khodal Industries. The lead stated it was not, confirming it was a wrong number. The agent apologized for the incorrect call and ended the conversation.",Call Later / Busy,0,0,1
556834,94579284,PIM,main_vani,2,2026-09-25 10:41:55,20.0,"The agent called a number believing it belonged to Khodal Industries. The lead clarified that it was not Khodal Industries, and the agent apologized for the wrong number and ended the call.",Call Later / Busy,0,0,1
475353,108829176,PUA,arrowhead,1,2026-09-07 16:40:43,13.0,,General (talked),0,0,1
458433,114584804,PIM,main_vani,1,2026-09-02 17:41:00,50.0,"The agent from IndiaMART called the lead, Jhaveri, regarding their interest in IndiaMART's paid services. The agent explained that a sales executive would like to have a short meeting to discuss this further and asked for a suitable time for a meeting the next day. The lead mentioned having already received 1-2 calls. The agent then highlighted the potential for more buyer inquiries if their catalog was improved and offered to set up a meeting for the sales executive to explain the details.",Not Interested,0,0,1
487613,93099060,PIM,main_vani,5,2026-09-10 12:11:48,4.0,"The agent initiated the call by asking if the recipient was from 'The Metal Age'. The call disconnected abruptly after this initial question, with no response from the lead.",General (talked),0,0,0
479688,93099060,PIM,main_vani,1,2026-09-08 15:28:14,20.0,"The agent called the lead from IndiaMART to discuss paid services and schedule a meeting with a sales executive. The lead, however, requested to call back later.",Call Later / Busy,0,0,1
483214,94579284,PIM,main_vani,4,2026-09-09 12:11:32,84.0,"The agent called the lead from Khodal Industries regarding their IndiaMART profile. The agent mentioned that the lead's profile needed improvement to increase visibility and offered to set up a meeting with a sales executive. The lead repeatedly declined the meeting, stating they did not want to do a meeting and asked the agent not to call them again.",Not Interested,0,0,1
477263,94579284,PIM,main_vani,2,2026-09-08 09:30:17,14.0,"The agent called a number and asked if it was Khodal Industries. The lead stated it was not, confirming it was a wrong number. The agent apologized for the wrong number and ended the call.",Call Later / Busy,0,0,1
476979,94579284,PIM,main_vani,1,2026-09-08 09:13:14,5.0,The agent initiated the call by asking if the lead was from Khodal Industries. The call ended abruptly without any further conversation or clear outcome.,General (talked),0,0,1
487406,94579284,PIM,main_vani,5,2026-09-10 11:52:27,5.0,"The agent initiated the call by asking if the lead was from Khodal Industries. The lead did not respond, and the call was abruptly disconnected.",General (talked),0,0,0
487432,93099060,PIM,main_vani,4,2026-09-10 11:52:21,7.0,The agent initiated the call by asking if the person was speaking from 'The Metal Edge'. The call ended immediately after this initial greeting without any response from the lead.,General (talked),0,0,0
480949,93099060,PIM,main_vani,2,2026-09-08 18:30:30,18.0,The agent introduced herself as calling from IndiaMART to the lead from The Metal Age. The lead responded with some unrelated statements about water and rivers.,General (talked),0,0,1
483033,93099060,PIM,main_vani,3,2026-09-09 11:52:56,23.0,The agent called the lead from IndiaMART. The lead asked for the phone number and then stated that he does not provide any information and is not interested in the call.,Not Interested,0,0,1
556566,94579284,PIM,main_vani,1,2026-09-25 09:45:25,5.0,The agent initiated the call by asking if they were speaking with Khodal Industries. The call ended abruptly without further conversation.,General (talked),0,0,1
482958,94579284,PIM,main_vani,3,2026-09-09 11:54:55,5.0,The agent initiated the call by asking if the recipient was from Khodal Industries. The call ended abruptly after this initial question.,General (talked),0,0,1
541644,103509296,PIM,arrowhead,1,2026-09-21 12:56:47,31.0,"Seller showed interest in a meeting, requested a 10 o’clock slot, and no alternate contact provided.",General (talked),0,0,1
563393,125787358,PUA,main_vani,1,2026-09-27 09:13:45,56.0,The agent called the lead to schedule a meeting regarding buyleads on IndiaMART. The lead informed the agent that a sales executive had already visited them and uploaded their catalog. The lead also mentioned that they have the visiting card of the executive and will contact them directly if needed. The call ended with the lead declining further assistance.,General (talked),0,0,1
515320,131750605,PUA,main_vani,1,2026-09-16 19:38:31,65.0,The agent from IndiaMART called the lead regarding buyleads. The agent proposed a meeting with a sales executive. The lead agreed to a physical meeting tomorrow between 4 PM and 5 PM. The agent confirmed the meeting for 5 PM at the Kapli location.,Meeting Fixed,1,0,0
530817,146924766,SCHD,main_vani,2,2026-09-19 12:31:22,286.0,"The agent called the lead from IndiaMART to discuss improving their profile for more leads. The lead initially expressed disinterest and confusion about the business type. After clarification, the lead agreed to an online video call meeting on Monday at 11 AM to discuss profile visibility for their iron and steel trading business.",Call Later / Busy,0,0,0
575735,148480662,UA,main_vani,2,2026-09-30 11:21:02,7.0,"The agent asked if they were speaking with Agri M Wholesale, but the lead responded negatively and asked the agent not to speak.",Call Later / Busy,0,0,1
528010,146924766,SCHD,main_vani,1,2026-09-19 09:28:25,66.0,"The agent from IndiaMART called the lead regarding a demo booking. The agent offered to schedule a meeting with a sales executive at the lead's location in Gorakhpur. The agent asked for the lead's availability on Monday, but the lead did not respond to the question about the meeting time. The call was disconnected by the agent.",General (talked),0,0,0
575245,148480662,UA,main_vani,1,2026-09-30 10:25:58,13.0,"The agent introduced herself as Pooja, a manager from IndiaMART's Sector 67 Gurugram branch, and asked if she was speaking with Agrim Wholesale. The lead responded with 'Hello?' and 'Yes, who is this?'. The call ended without further conversation.",General (talked),0,0,1
548246,146010610,UA,arrowhead,1,2026-09-22 16:09:35,96.0,"Seller reports business down, agrees to free expert meeting, available today between 11 AM and 12:20 PM.",Meeting Fixed,1,0,1
450603,148536957,NUR,main_vani,1,2026-09-01 11:37:42,86.0,The agent from IndiaMART called the lead regarding their recently created account to schedule a meeting with a sales executive to increase profile visibility. The lead asked the agent to call back tomorrow at 12 PM to provide an update on the meeting details and location.,Call Later / Busy,0,0,1
