reply_id,query_id,sequence,sender_glid,receiver_glid,reply_date,subject,reply_text,read_status,first_read_date,template_flag,seller_glid,message_from
2231017513,3122759179,1,14257417,4343609,2026-04-01 21:57:24,Re: Enquiry for Zolt Red Badminton Shuttlecock from Rahul via IndiaMART,Additional details from Buyer,-2,2026-04-04 20:59:19,6.0,4343609,buyer
2231086873,3122842280,1,80313423,58179081,2026-04-02 03:19:41,Re: Enquiry for Hero Splendor Bike Visor from DEEPAK via IndiaMART,Additional details from Buyer,0,,6.0,58179081,buyer
2232445745,3123179412,1,224849382,58179081,2026-04-03 00:52:17,Re: Enquiry for Splendor Bike Visor from ROMA via IndiaMART,Additional details from Buyer,0,,,58179081,buyer
2237259635,3123427044,2,146010610,7061945,2026-04-06 17:09:04,"Rakesh, you have received a response from KPR Tempo Services Packers And Movers, Prayagraj","Hi Rakesh Singh, Thanks for talking to me. Looking forward to doing business with you.",0,,30.0,146010610,seller
2233163587,3123427044,1,146010610,7061945,2026-04-03 14:16:49,"Rakesh, you have received a response from KPR Tempo Services Packers And Movers, Prayagraj","Hi Rakesh Singh, Thanks for talking to me. Looking forward to doing business with you.",0,,30.0,146010610,seller
2245573757,3123488670,6,4343609,91801984,2026-04-12 15:32:20,"Mr., you have received a response from Hermes Sports, Meerut",We have Zolt and FlyPro,0,,5.0,4343609,seller
2243104397,3123488670,3,91801984,4343609,2026-04-10 15:36:58,Re: Enquiry for Zolt Red Badminton Shuttlecock from Mr. via IndiaMART,HI,-3,2026-04-12 15:31:40,5.0,4343609,buyer
2243105470,3123488670,4,91801984,4343609,2026-04-10 15:37:31,Re: Enquiry for Zolt Red Badminton Shuttlecock from Mr. via IndiaMART,I also have enquiry for Ling Mei 70 Goose Feather shuttles 25 tubes per month,-3,2026-04-12 15:31:40,5.0,4343609,buyer
2243105773,3123488670,5,91801984,4343609,2026-04-10 15:37:40,Re: Enquiry for Zolt Red Badminton Shuttlecock from Mr. via IndiaMART,please quote,-3,2026-04-12 15:31:40,5.0,4343609,buyer
2233466411,3123488670,1,91801984,4343609,2026-04-03 16:37:39,"Lakshita, 2 new messages for Zolt Red Badminton Shuttlecock enquiry from Mr. via IndiaMART","Hi Lakshita, what is the price for 5 Box of Zolt Red Badminton Shuttlecock?",-3,2026-04-04 20:53:52,5001.0,4343609,buyer
2233470225,3123488670,2,91801984,4343609,2026-04-03 16:39:14,"Lakshita, 2 new messages for Zolt Red Badminton Shuttlecock enquiry from Mr. via IndiaMART",We have a club in Nashik name Rachana Club and appx. 50-60 shuttle box is our requirement per month,-3,2026-04-04 20:53:52,5.0,4343609,buyer
2246544672,3123857447,1,28368581,26900399,2026-04-13 13:09:45,Re: Enquiry for Ghost Acrylic Transparent Chair from Rajender via IndiaMART,"Hi Mohd, what is the price for 4 piece of Ghost Acrylic Transparent Chair?",0,,5001.0,26900399,buyer
2238313374,3124817956,1,146010610,78255951,2026-04-07 13:25:52,"Praduman, 3 new messages for Transportation Services for Commercial Goods enquiry from KPR Tempo Services Packers And Movers, Prayagraj","Hi Praduman, I tried reaching you on call regarding my requirement but could not connect. Please call me back to get complete details.",0,,30.0,146010610,seller
2238313404,3124817956,2,146010610,78255951,2026-04-07 13:25:53,"Praduman, 3 new messages for Transportation Services for Commercial Goods enquiry from KPR Tempo Services Packers And Movers, Prayagraj","Hi Praduman, I tried reaching you on call regarding my requirement but could not connect. Please call me back to get complete details.",0,,30.0,146010610,seller
2238313418,3124817956,3,146010610,78255951,2026-04-07 13:25:53,"Praduman, 3 new messages for Transportation Services for Commercial Goods enquiry from KPR Tempo Services Packers And Movers, Prayagraj","Hi Praduman, I tried reaching you on call regarding my requirement but could not connect. Please call me back to get complete details.",0,,30.0,146010610,seller
2239236613,3125018304,1,267224168,58179081,2026-04-08 05:18:28,Re: Enquiry for Discover Bike Headlight Visor from Alone via IndiaMART,Additional details from Buyer,0,,6.0,58179081,buyer
2239264086,3125084488,2,267233217,58179081,2026-04-08 08:05:16,Re: Enquiry for Discover Bike Headlight Visor from 𝐈𝗰𝗲!💗 via IndiaMART,"I want full set, how much",0,,5.0,58179081,buyer
2239264038,3125084488,1,267233217,58179081,2026-04-08 08:05:02,Re: Enquiry for Discover Bike Headlight Visor from 𝐈𝗰𝗲!💗 via IndiaMART,Hi,0,,5.0,58179081,buyer
2239746215,3125147731,1,243873730,148480662,2026-04-08 12:38:30,Re: Enquiry for Hymatic Battery Sprayer from Vipin via IndiaMART,Additional details from Buyer,0,,6.0,148480662,buyer
2240184647,3125184725,1,184450661,58179081,2026-04-08 15:59:49,Re: Enquiry for Hero Splendor Bike Visor from Imran via IndiaMART,Additional details from Buyer,0,,6.0,58179081,buyer
2241248485,3125559292,1,245436554,148480662,2026-04-09 12:50:23,"Akshay, 3 new messages for Hymark Battery Operated Knapsack Sprayer enquiry from Rajat via IndiaMART",What is the approximate price?.,0,,,148480662,buyer
2241248684,3125559292,2,245436554,148480662,2026-04-09 12:50:28,"Akshay, 3 new messages for Hymark Battery Operated Knapsack Sprayer enquiry from Rajat via IndiaMART",Hi Agrim Wholesale Private Limited,0,,,148480662,buyer
2241249017,3125559292,3,245436554,148480662,2026-04-09 12:50:36,"Akshay, 3 new messages for Hymark Battery Operated Knapsack Sprayer enquiry from Rajat via IndiaMART",Price,0,,,148480662,buyer
2242161877,3125680376,1,160108867,148480662,2026-04-09 22:59:01,Re: Enquiry for Tagmycin Bactericide 100Gm from Rudramadhab via IndiaMART,Additional details from Buyer,0,,6.0,148480662,buyer
2243673181,3126089670,1,192906045,58179081,2026-04-11 01:31:26,Re: Enquiry for Yamaha Headlight Visor from Nira via IndiaMART,Additional details from Buyer,0,,6.0,58179081,buyer
2254663350,3126704800,1,78653648,198185294,2026-04-19 07:11:11,"Satish, you have received a response from Kkaz Engineering Services, Greater Noida",Any Update on this SIr?,0,,5.0,78653648,seller
2254663244,3126916041,1,78653648,50588508,2026-04-19 07:10:32,"Gravit, you have received a response from Kkaz Engineering Services, Greater Noida",ANy update on this?,0,,5.0,78653648,seller
2248196918,3127317519,1,267568149,58179081,2026-04-14 14:33:26,Re: Enquiry for Hero Splendor Bike Visor from Sanjay via IndiaMART,Additional details from Buyer,0,,6.0,58179081,buyer
2248751096,3127515691,1,267600126,58179081,2026-04-14 19:56:28,Re: Enquiry for Hero Splendor Bike Visor from Sakshay via IndiaMART,What is price of this product,0,,5.0,58179081,buyer
2254663169,3128489948,2,78653648,257572780,2026-04-19 07:09:52,"Prasanna, you have received a response from Kkaz Engineering Services, Greater Noida",[phone],0,,5.0,78653648,seller
2254663146,3128489948,1,78653648,257572780,2026-04-19 07:09:41,"Prasanna, you have received a response from Kkaz Engineering Services, Greater Noida",if required may connect to below contact no.,0,,5.0,78653648,seller
2329182914,3128609609,1,147028331,543387,2026-06-14 13:57:28,"Shishum, you have received a response from Bharat Handicraft, Hathras",Call now,0,,5.0,147028331,seller
2329233748,3128609609,2,147028331,543387,2026-06-14 15:03:44,"Shishum, you have received a response from Bharat Handicraft, Hathras","Hi Shishum Jain, Thanks for talking to me. Looking forward to doing business with you.",0,,30.0,147028331,seller
2329236220,3128609609,3,147028331,543387,2026-06-14 15:06:40,"Shishum, you have received a response from Bharat Handicraft, Hathras",[phone] please send whatsap hii,0,,5.0,147028331,seller
2255166585,3128674373,1,267773581,58179081,2026-04-19 22:35:48,Re: Enquiry for Yamaha Headlight Visor from Yamaha via IndiaMART,Additional details from Buyer,0,,6.0,58179081,buyer
2259626763,3129422064,1,35389830,70382549,2026-04-23 05:44:06,Re: Enquiry for Manual Hand Molding Machine from RAJAN via IndiaMART,Additional details from Buyer,0,,6.0,70382549,buyer
2259711685,3129464047,1,181340800,58179081,2026-04-23 09:38:23,Re: Enquiry for Hero Splendor Bike Visor from Aari via IndiaMART,Additional details from Buyer,0,,6.0,58179081,buyer
2256694332,3129631621,1,202011000,41440640,2026-04-20 22:07:32,Re: Enquiry for Reflection A4 65 Gsm Copier Paper from Bharat via IndiaMART,Additional details from Buyer,-2,2026-04-21 07:01:36,6.0,41440640,buyer
2256706921,3129690185,1,267918778,58179081,2026-04-20 22:42:26,Re: Enquiry for Yamaha Headlight Visor from Rayaz via IndiaMART,Peirce,0,,5.0,58179081,buyer
2257232008,3129823200,1,15039376,7482803,2026-04-21 12:26:00,"Amit, 2 new messages for Asbestos Rope enquiry from Anoop via IndiaMART",Hi Amit,0,,5500.0,7482803,buyer
2257234221,3129823200,2,15039376,7482803,2026-04-21 12:27:01,"Amit, 2 new messages for Asbestos Rope enquiry from Anoop via IndiaMART",can we connect,0,,5.0,7482803,buyer
2266013961,3131160554,1,218932783,58179081,2026-04-28 00:29:05,Re: Enquiry for Yamaha Headlight Visor from Chan via IndiaMART,Additional details from Buyer,0,,,58179081,buyer
2267105612,3131495478,1,241635974,58179081,2026-04-28 17:12:30,Re: Enquiry for Discover Bike Headlight Visor from Amit via IndiaMART,Additional details from Buyer,0,,6.0,58179081,buyer
2277192058,3131911870,1,94058105,145944445,2026-05-06 14:57:35,"ANANT, you have received a response from Namisha Trading Company, New Delhi",Yes it's available,0,,5.0,94058105,seller
2268805126,3132100646,1,268244966,58179081,2026-04-30 02:59:34,Re: Enquiry for Discover Bike Headlight Visor from Rohit via IndiaMART,Additional details from Buyer,0,,6.0,58179081,buyer
2271830492,3133167493,1,105852101,58179081,2026-05-02 11:58:41,Re: Enquiry for Hero Splendor Bike Visor from Kiran via IndiaMART,Additional details from Buyer,0,,6.0,58179081,buyer
2272383380,3133237051,1,73369183,58179081,2026-05-02 16:12:35,Re: Enquiry for Yamaha Headlight Visor from MAYUR via IndiaMART,Additional details from Buyer,0,,6.0,58179081,buyer
2273995405,3134173960,1,146010610,181586433,2026-05-04 12:08:08,"Saroj, 2 new messages for Local Transport Service enquiry from KPR Tempo Services Packers And Movers, Prayagraj","Hi Saroj Singh, I tried reaching you on call regarding my requiremnt but could not connect. Please let me know a suitable time to talk.",-3,2026-05-04 12:40:14,30.0,146010610,seller
2273995446,3134173960,2,146010610,181586433,2026-05-04 12:08:09,"Saroj, 2 new messages for Local Transport Service enquiry from KPR Tempo Services Packers And Movers, Prayagraj","Hi Saroj Singh, I tried reaching you on call regarding my requiremnt but could not connect. Please let me know a suitable time to talk.",-3,2026-05-04 12:40:14,30.0,146010610,seller
2275036037,3134285058,1,268535566,58179081,2026-05-05 09:06:36,Re: Enquiry for Hero Splendor Bike Visor from Buyer via IndiaMART,"Hi Sunil Kumar,
I tried to call you about my requirements but it did not connect. Kindly call me to get the complete details.",0,,40.0,58179081,buyer
2275746572,3134389049,1,229382532,58179081,2026-05-05 14:51:52,Re: Enquiry for Hero Splendor Bike Visor from Kosikan via IndiaMART,Additional details from Buyer,0,,6.0,58179081,buyer
2428522920,3135200161,1,225852776,225565518,2026-08-20 16:43:10,"IMRAN, you have received a response from Gera Foam House, Meerut",Hi,0,,5.0,225852776,seller
2279372645,3135465015,1,49939718,265648939,2026-05-08 10:34:09,"Mohammed, you have received a response from Jayam Interior, Kalambur","Hi, The Product is Available",0,,30.0,49939718,seller
2280447778,3135588143,1,117581317,78653648,2026-05-08 20:02:26,Re: Enquiry for Flow Sensor  SC 440/1-A4-GSP from Sam via IndiaMART,Additional details from Buyer,0,,6.0,78653648,buyer
2280465855,3135588143,2,117581317,78653648,2026-05-08 20:35:13,Re: Enquiry for Flow Sensor  SC 440/1-A4-GSP from Sam via IndiaMART,Additional details from Buyer,0,,6.0,78653648,buyer
2329182623,3136493278,1,147028331,237172975,2026-06-14 13:57:02,"DEEPAK, you have received a response from Bharat Handicraft, Hathras",Call now,0,,5.0,147028331,seller
2285707379,3137054416,1,252929154,78653648,2026-05-13 10:31:12,"Re: Export Enquiry for Limit Switch Bernstein ENK-SU1Z AHS-V from SUBROTO, Bangladesh via IndiaMART","Model: 188-SU1 AV
Qty: 5pcs",0,,5.0,78653648,buyer
2288896993,3137625553,1,105620453,58179081,2026-05-15 12:37:12,Re: Enquiry for Hero Splendor Bike Visor from Sandeep via IndiaMART,Additional details from Buyer,0,,6.0,58179081,buyer
2289801026,3137950449,1,103538911,58179081,2026-05-16 01:14:40,Re: Enquiry for Hero Passion Plus Headlight Visor from Amarchand via IndiaMART,Additional details from Buyer,0,,6.0,58179081,buyer
2291904544,3138642674,1,236490893,58179081,2026-05-18 06:06:25,Re: Enquiry for Discover Bike Headlight Visor from Ayush via IndiaMART,Additional details from Buyer,0,,6.0,58179081,buyer
2294045453,3139127518,1,146010610,269192403,2026-05-19 13:06:38,"Himanshu, you have received a response from KPR Tempo Services Packers And Movers, Prayagraj","Hi Himanshu, Thanks for talking to me. Looking forward to doing business with you.",0,,30.0,146010610,seller
2296024243,3139596050,1,4343609,49147107,2026-05-20 17:05:13,"Th.roben, 2 new messages for Yonex Sunrise Attack Shuttlecock enquiry from Hermes Sports, Meerut",Sunrise no longer in market,0,,5.0,4343609,seller
2296024520,3139596050,2,4343609,49147107,2026-05-20 17:05:22,"Th.roben, 2 new messages for Yonex Sunrise Attack Shuttlecock enquiry from Hermes Sports, Meerut",I have other options,0,,5.0,4343609,seller
2332003149,3140061179,1,29384871,208015428,2026-06-16 14:04:04,"Guddu, product catalog shared for Package Rope by Ashish Enterprises, Nagpur","Hi Guddu,

Thanks for your Enquiry to Ashish Enterprises, Nagpur.

Please find my catalog : https://www.indiamart.com/ashish-enterprisesnagpur/pe-rope.html

Do you need Package Rope?",-3,2026-06-26 17:44:36,3.0,29384871,seller
2300640700,3140685448,1,218808884,58179081,2026-05-24 08:08:42,Re: Enquiry for Yamaha Headlight Visor from Love via IndiaMART,Additional details from Buyer,0,,6.0,58179081,buyer
2303487295,3140843875,1,11574612,214589016,2026-05-26 15:26:52,"Bhagwat, you have received a response from Game Craft, Jodhpur",Hi,0,,5.0,11574612,seller
2301142128,3140911444,1,185698312,58179081,2026-05-24 23:54:41,Re: Enquiry for TVS Apache Headlight Visor from Konakanchi via IndiaMART,Additional details from Buyer,0,,6.0,58179081,buyer
2301163873,3140948508,1,269435846,58179081,2026-05-25 03:13:59,Re: Enquiry for Yamaha Headlight Visor from Jay via IndiaMART,Additional details from Buyer,0,,6.0,58179081,buyer
2301354832,3140948508,2,269435846,58179081,2026-05-25 10:25:34,Re: Enquiry for Yamaha Headlight Visor from Jay via IndiaMART,Additional details from Buyer,0,,6.0,58179081,buyer
2303156632,3141435320,1,136999550,148480662,2026-05-26 12:57:50,Re: Enquiry for Machete Herbicide 500 Ml from Pandurang via IndiaMART,Additional details from Buyer,0,,6.0,148480662,buyer
2304028451,3141591911,1,269528669,58179081,2026-05-27 00:22:38,Re: Enquiry for Hero Splendor Bike Visor from Y via IndiaMART,Additional details from Buyer,0,,,58179081,buyer
2306408149,3142126243,1,107316358,58179081,2026-05-28 17:34:35,Re: Enquiry for Yamaha Headlight Visor from SAKTHIVEL via IndiaMART,Additional details from Buyer,0,,6.0,58179081,buyer
2315202587,3144269245,1,269864786,58179081,2026-06-04 16:18:56,Re: Enquiry for Hero Splendor Bike Visor from KANNAN via IndiaMART,Additional details from Buyer,0,,6.0,58179081,buyer
2315652262,3144342885,1,195666413,58179081,2026-06-05 00:14:23,Re: Enquiry for Discover Bike Headlight Visor from SHIVAM via IndiaMART,Additional details from Buyer,0,,6.0,58179081,buyer
2314957338,3144450209,1,146010610,2960386,2026-06-04 14:17:18,"Pankaj, 4 new messages for Pickup Transport Service in Lucknow enquiry from KPR Tempo Services Packers And Movers, Prayagraj","Hi Pankaj Agarwal, I tried reaching you on call regarding my requiremnt but could not connect. Please let me know a suitable time to talk.",0,,30.0,146010610,seller
2314957354,3144450209,2,146010610,2960386,2026-06-04 14:17:18,"Pankaj, 4 new messages for Pickup Transport Service in Lucknow enquiry from KPR Tempo Services Packers And Movers, Prayagraj","Hi Pankaj Agarwal, I tried reaching you on call regarding my requiremnt but could not connect. Please let me know a suitable time to talk.",0,,30.0,146010610,seller
2314957372,3144450209,3,146010610,2960386,2026-06-04 14:17:19,"Pankaj, 4 new messages for Pickup Transport Service in Lucknow enquiry from KPR Tempo Services Packers And Movers, Prayagraj","Hi Pankaj Agarwal, I tried reaching you on call regarding my requiremnt but could not connect. Please let me know a suitable time to talk.",0,,30.0,146010610,seller
2314957400,3144450209,4,146010610,2960386,2026-06-04 14:17:19,"Pankaj, 4 new messages for Pickup Transport Service in Lucknow enquiry from KPR Tempo Services Packers And Movers, Prayagraj","Hi Pankaj Agarwal, I tried reaching you on call regarding my requiremnt but could not connect. Please let me know a suitable time to talk.",0,,30.0,146010610,seller
2316895484,3144966257,1,131600800,58179081,2026-06-05 18:39:16,Re: Enquiry for Discover Bike Headlight Visor from Rajeev via IndiaMART,hello sir,0,,5.0,58179081,buyer
2316895686,3144966257,2,131600800,58179081,2026-06-05 18:39:24,Re: Enquiry for Discover Bike Headlight Visor from Rajeev via IndiaMART,Bajaj Discover Headlight Visor black color for discover 125cc 1-pieceBajaj Discover Headlight Visor black color for discover 125cc 1-piece,0,,5.0,58179081,buyer
2319330056,3145425462,1,224090621,58179081,2026-06-08 05:50:23,Re: Enquiry for Discover Bike Headlight Visor from SOHAN via IndiaMART,Additional details from Buyer,0,,6.0,58179081,buyer
2318922547,3145503360,1,146010610,185172268,2026-06-07 13:26:49,"ANIKET, 2 new messages for Commercial Goods Transportation Service enquiry from KPR Tempo Services Packers And Movers, Prayagraj","Hi ANIKET PANDEY, Thanks for talking to me. Looking forward to doing business with you.",0,,30.0,146010610,seller
2318923062,3145503360,2,146010610,185172268,2026-06-07 13:27:25,"ANIKET, 2 new messages for Commercial Goods Transportation Service enquiry from KPR Tempo Services Packers And Movers, Prayagraj","Hi ANIKET PANDEY, I am interested in your products. Kindly send your catalogue link.",0,,30.0,146010610,seller
2322363783,3145503360,3,146010610,185172268,2026-06-09 18:13:43,"ANIKET, you have received a response from KPR Tempo Services Packers And Movers, Prayagraj","Hi ANIKET PANDEY,
Thanks for talking to me. Looking forward to do business with you.",0,,40.0,146010610,seller
2320320814,3145525311,1,201508838,58179081,2026-06-08 15:11:35,Re: Enquiry for Activa Front Mudguard from Khaled via IndiaMART,Additional details from Buyer,0,,6.0,58179081,buyer
2321074237,3145737980,1,270104325,146924766,2026-06-09 07:19:07,Re: Enquiry for Iron Door from RAVEENA via IndiaMART,Additional details from Buyer,-2,2026-06-09 12:41:20,,146924766,buyer
2322494538,3145909375,1,115339459,682581,2026-06-09 20:05:42,Re: Enquiry for Single Phase Preventer from Sagar via IndiaMART,Additional details from Buyer,0,,6.0,682581,buyer
2322705928,3146083909,2,2310959,58179081,2026-06-10 09:14:43,Re: Enquiry for Hero Splendor Bike Visor from Vijay via IndiaMART,Additional details from Buyer,0,,6.0,58179081,buyer
2321067838,3146083909,1,2310959,58179081,2026-06-09 06:43:05,Re: Enquiry for Hero Splendor Bike Visor from Vijay via IndiaMART,Additional details from Buyer,0,,6.0,58179081,buyer
2322268316,3146312325,1,146010610,57463349,2026-06-09 17:28:03,"Vishal, you have received a response from KPR Tempo Services Packers And Movers, Prayagraj","Hi Vishal, Thanks for talking to me. Looking forward to doing business with you.",-3,2026-09-11 20:18:43,30.0,146010610,seller
2324566930,3146443336,1,81120979,58179081,2026-06-11 11:32:55,Re: Enquiry for Yamaha Headlight Visor from Shaik via IndiaMART,Additional details from Buyer,0,,6.0,58179081,buyer
2323527784,3146618851,1,225483886,58179081,2026-06-10 15:16:41,Re: Enquiry for TVS Apache Headlight Visor from DHIRAJ via IndiaMART,"Quantity Required: 5 Set
Color: White",0,,5.0,58179081,buyer
2324224552,3146833002,1,110635323,146924766,2026-06-11 08:15:15,"Santosh, 2 new messages for Iron Door enquiry from Ramesh via IndiaMART","Hi Santosh, 1 piece kitne ka hai?",-2,2026-06-11 08:36:47,5501.0,146924766,buyer
2324224692,3146833002,2,110635323,146924766,2026-06-11 08:15:29,"Santosh, 2 new messages for Iron Door enquiry from Ramesh via IndiaMART","Hi Santosh, kya aap Iron Door ki details bhej sakte hai?",-2,2026-06-11 08:36:47,5505.0,146924766,buyer
2327133596,3146877352,1,270255528,58179081,2026-06-12 19:27:17,Re: Enquiry for Hero Splendor Bike Visor from Cid via IndiaMART,Additional details from Buyer,0,,6.0,58179081,buyer
2324690337,3146918119,1,58641738,78653648,2026-06-11 12:21:17,"Re: Enquiry for Accumulator Bladder , SB 330-50 A1 from Sneha via IndiaMART",Additional details from Buyer,0,,6.0,78653648,buyer
2328473452,3147181695,1,270294961,26900399,2026-06-13 17:25:37,Re: Enquiry for Construction trolley from AISHWARYA via IndiaMART,Additional details from Buyer,0,,6.0,26900399,buyer
2327016922,3147430364,1,119390860,58179081,2026-06-12 18:03:24,Re: Enquiry for Hero Splendor Bike Visor from V via IndiaMART,Additional details from Buyer,0,,6.0,58179081,buyer
2328992157,3147430364,2,119390860,58179081,2026-06-14 10:21:20,Re: Enquiry for Hero Splendor Bike Visor from V via IndiaMART,Additional details from Buyer,0,,6.0,58179081,buyer
2331271114,3148009098,1,197829887,58179081,2026-06-16 03:23:23,Re: Enquiry for Hero Splendor Bike Visor from Pushpa via IndiaMART,Additional details from Buyer,0,,6.0,58179081,buyer
2334324498,3148565143,1,246310307,58179081,2026-06-18 01:27:18,Re: Enquiry for Discover Bike Headlight Visor from System via IndiaMART,Additional details from Buyer,0,,6.0,58179081,buyer
2331737263,3148631677,1,41440640,4097381,2026-06-16 12:05:48,"Makarand, you have received a response from Sri Paper Traders LLP, Mumbai","65 Gsm is over
70 Gsm is there",0,,5.0,41440640,seller
2334190230,3149193694,1,270497278,26900399,2026-06-17 19:49:17,Re: Enquiry for Wooden Mandap Banquet Table from Arav via IndiaMART,"Hi, Kindly share the quotation for this product.",-3,2026-06-17 19:49:31,30.0,26900399,buyer
2338034316,3149376275,2,32237678,78653648,2026-06-20 12:52:55,"Keshav, 2 new messages for Baumer Encoder ITD 40 A 4 Y153 1024 T NI H33SK12 S 25 enquiry from Selva via IndiaMART",Additional details from Buyer,0,,6.0,78653648,buyer
2334764357,3149376275,1,32237678,78653648,2026-06-18 11:48:56,"Keshav, 2 new messages for Baumer Encoder ITD 40 A 4 Y153 1024 T NI H33SK12 S 25 enquiry from Selva via IndiaMART",Additional details from Buyer,0,,6.0,78653648,buyer
2339481360,3149899127,1,270663832,58179081,2026-06-21 18:16:22,Re: Enquiry for Discover Bike Headlight Visor from Farhan via IndiaMART,Additional details from Buyer,0,,6.0,58179081,buyer
2341709085,3150464546,1,195882629,75623573,2026-06-23 11:22:56,Re: Enquiry for Jay Jawan detergent powder from Sahanwaj via IndiaMART,Additional details from Buyer,-2,2026-06-26 03:48:47,6.0,75623573,buyer
2340934972,3150822670,1,243689317,213267831,2026-06-22 17:08:38,"Man, you have received a response from Maruti Enterprise, Surat","Hi Man, yes, Motivational Water Bottle is available",0,,151.0,243689317,seller
2346339922,3151367437,1,270866327,58179081,2026-06-26 11:31:42,Re: Enquiry for TVS Apache Headlight Visor from Sahil via IndiaMART,Additional details from Buyer,0,,6.0,58179081,buyer
2348645247,3151778005,1,49964116,4343609,2026-06-27 17:20:58,Re: Enquiry for Zolt Black Feather Shuttlecock from Inderjeet via IndiaMART,Additional details from Buyer,-3,2026-06-27 17:22:51,6.0,4343609,buyer
2348649797,3151778005,2,4343609,49964116,2026-06-27 17:23:03,"Inderjeet, you have received a response from Hermes Sports, Meerut",Yes this one,0,,5.0,4343609,seller
2349227866,3152048314,1,235816060,58179081,2026-06-28 11:01:21,Re: Enquiry for Discover Bike Headlight Visor from Sourabh via IndiaMART,Additional details from Buyer,0,,6.0,58179081,buyer
2349779403,3152359415,1,248561084,58179081,2026-06-29 07:49:50,Re: Enquiry for Discover Bike Headlight Visor from Ayush via IndiaMART,Additional details from Buyer,0,,,58179081,buyer
2348952448,3152634148,1,271032380,148480662,2026-06-27 21:38:36,"Akshay, 2 new messages for Machete Herbicide 500 Ml enquiry from Ranjeet via IndiaMART",Share the details of Accounts Industry Recruitment,-3,2026-08-18 17:38:24,30.0,148480662,buyer
2348953005,3152634148,2,271032380,148480662,2026-06-27 21:39:35,"Akshay, 2 new messages for Machete Herbicide 500 Ml enquiry from Ranjeet via IndiaMART",Available h,-3,2026-08-18 17:38:24,5.0,148480662,buyer
2349081312,3152698002,1,52037534,148480662,2026-06-28 06:28:24,Re: Enquiry for Machete Herbicide 500 Ml from Manish via IndiaMART,Please call me,-3,2026-08-18 17:37:55,5.0,148480662,buyer
2353228403,3152953283,1,269082222,58179081,2026-07-01 10:42:46,Re: Enquiry for Discover Bike Headlight Visor from DIWAKER via IndiaMART,Additional details from Buyer,0,,6.0,58179081,buyer
2356022202,3153545851,2,209779613,11574612,2026-07-03 06:17:29,"Ramesh, 2 new messages for Gel Blaster Gun enquiry from Mayank via IndiaMART",Additional details from Buyer,-2,2026-07-03 15:28:43,6.0,11574612,buyer
2356022150,3153545851,1,209779613,11574612,2026-07-03 06:17:09,"Ramesh, 2 new messages for Gel Blaster Gun enquiry from Mayank via IndiaMART",Additional details from Buyer,-2,2026-07-03 15:28:43,,11574612,buyer
2365750601,3155656795,1,271437941,58179081,2026-07-09 18:16:00,Re: Enquiry for Hero Splendor Bike Visor from Jagdish via IndiaMART,Additional details from Buyer,0,,6.0,58179081,buyer
2367649423,3156162072,1,239200322,58179081,2026-07-11 08:33:17,Re: Enquiry for Discover Bike Headlight Visor from BALAMURUGAN via IndiaMART,Additional details from Buyer,0,,6.0,58179081,buyer
2368596685,3156250835,1,271513368,58179081,2026-07-11 15:51:41,Re: Enquiry for Splendor Bike Visor from Ayush via IndiaMART,Additional details from Buyer,0,,6.0,58179081,buyer
2367548758,3156511445,1,11574612,3756513,2026-07-10 22:49:35,"Saddam, you have received a response from Game Craft, Jodhpur","Hi Saddam, yes, Deluxe Twin Car Racing Arcade Machine, 42 inch, 2 players is available",0,,151.0,11574612,seller
2369976739,3156805747,1,271593726,58179081,2026-07-13 08:38:54,Re: Enquiry for Discover Bike Headlight Visor from Sandeep via IndiaMART,Additional details from Buyer,0,,6.0,58179081,buyer
2479585146,3156949744,1,103509296,215358903,2026-09-25 14:13:02,"Sarvesh, you have received a response from bhole traders, Agra",Ni,0,,5.0,103509296,seller
2370470575,3157773612,1,26900399,56744270,2026-07-13 11:56:25,"Sunil, you have received a response from Mohamed Engineering Works, Mumbai",From Mumbai,0,,5.0,26900399,seller
2376555552,3158188984,1,271783743,58179081,2026-07-17 10:07:23,Re: Enquiry for Passion Bike Front Visor from MOHAMMAD via IndiaMART,Additional details from Buyer,0,,6.0,58179081,buyer
2377933215,3158353182,1,182864913,58179081,2026-07-17 22:04:27,Re: Enquiry for Hero Splendor Bike Visor from Ravinder via IndiaMART,Additional details from Buyer,0,,6.0,58179081,buyer
2377939203,3158355140,1,151143209,58179081,2026-07-17 22:16:11,Re: Enquiry for Discover Bike Headlight Visor from Manju via IndiaMART,Additional details from Buyer,0,,6.0,58179081,buyer
2377181365,3159272663,1,49625577,58179081,2026-07-17 14:16:31,Re: Enquiry for Discover Bike Headlight Visor from Ibram via IndiaMART,"Hi, Kindly share the quotation for this product.",0,,30.0,58179081,buyer
2377182195,3159272663,2,49625577,58179081,2026-07-17 14:16:56,Re: Enquiry for Discover Bike Headlight Visor from Ibram via IndiaMART,Price kya hai,0,,5.0,58179081,buyer
2381173013,3159483478,1,4343609,268209588,2026-07-20 13:22:08,"Yash, you have received a response from Hermes Sports, Meerut","Hi Yash Kumar, Thanks for talking to me. Looking forward to doing business with you.",-3,2026-09-14 21:55:35,30.0,4343609,seller
2382151381,3159525382,1,214845565,95568576,2026-07-21 03:41:05,Re: Enquiry for Sandisk Pendrive Usb 2.0 from Shivratan via IndiaMART,Additional details from Buyer,-3,2026-07-23 13:08:13,6.0,95568576,buyer
2382035747,3159589335,1,258662847,95568576,2026-07-20 20:44:23,Re: Enquiry for SanDisk Pendrive 256 Gb Usb 2.0 Cruzer Blade from Shrey via IndiaMART,Additional details from Buyer,-3,2026-07-23 13:08:21,6.0,95568576,buyer
2381573077,3159676461,2,150194540,95568576,2026-07-20 16:11:03,"Sahil, 2 new messages for Sandisk Pendrive 64 Gb enquiry from SUKHVEER via IndiaMART",Additional details from Buyer,-3,2026-07-20 18:58:17,6.0,95568576,buyer
2381572108,3159676461,1,150194540,95568576,2026-07-20 16:10:40,"Sahil, 2 new messages for Sandisk Pendrive 64 Gb enquiry from SUKHVEER via IndiaMART",Additional details from Buyer,-3,2026-07-20 18:58:17,6.0,95568576,buyer
2383540723,3159715470,1,12391019,26900399,2026-07-21 18:30:20,Re: Enquiry for Acrylic Transparent Chair from Chirag via IndiaMART,Additional details from Buyer,-3,2026-07-21 18:31:56,6.0,26900399,buyer
2381905079,3160354741,1,264374781,58179081,2026-07-20 18:34:00,Re: Enquiry for Hero Splendor Bike Visor from Abijeet via IndiaMART,Additional details from Buyer,0,,6.0,58179081,buyer
2385737780,3160354741,2,264374781,58179081,2026-07-23 11:22:38,Re: Enquiry for Hero Splendor Bike Visor from Abijeet via IndiaMART,Additional details from Buyer,0,,6.0,58179081,buyer
2386948673,3160751976,1,82491681,58179081,2026-07-24 03:25:50,Re: Enquiry for Hero Splendor Bike Visor from AZHAGARSAMY via IndiaMART,Additional details from Buyer,0,,6.0,58179081,buyer
2386948677,3160751976,2,82491681,58179081,2026-07-24 03:25:53,Re: Enquiry for Hero Splendor Bike Visor from AZHAGARSAMY via IndiaMART,Additional details from Buyer,0,,6.0,58179081,buyer
2384484131,3160954506,1,249043164,58179081,2026-07-22 13:34:27,Re: Enquiry for Hero Splendor Bike Visor from Atanu via IndiaMART,"Additional details from Buyer
Material Abs Plastic
Color Black",0,,,58179081,buyer
2387148203,3160961373,3,268680733,58179081,2026-07-24 10:17:19,Re: Enquiry for Hero Passion Plus Headlight Visor from Gourav via IndiaMART,Additional details from Buyer,0,,6.0,58179081,buyer
2384502608,3160961373,1,268680733,58179081,2026-07-22 13:42:50,Re: Enquiry for Hero Passion Plus Headlight Visor from Goura via IndiaMART,"Additional details from Buyer
Quantity 1
Quantity Unit Set
Model Year 2012
Material Fiber
Buyer Filled Details Mere ko ek hed lait bhi chiye isi gadi ki
Probable Order Value Rs. 400",0,,,58179081,buyer
2384530779,3160961373,2,268680733,58179081,2026-07-22 13:56:21,Re: Enquiry for Hero Passion Plus Headlight Visor from Gourav via IndiaMART,Additional details from Buyer,0,,6.0,58179081,buyer
2385206587,3161033550,1,11574612,251088006,2026-07-22 19:33:34,"Cell, you have received a response from Game Craft, Jodhpur","Hi Cell, what type of indoor amusement games are you interested in?",0,,3016.0,11574612,seller
2388603773,3161525990,1,256679392,58179081,2026-07-25 08:13:15,Re: Enquiry for Hero Splendor Bike Visor from Jaykishan via IndiaMART,Additional details from Buyer,0,,6.0,58179081,buyer
2388862712,3161597789,1,272225160,58179081,2026-07-25 10:58:10,Re: Enquiry for Activa Front Mudguard from Pratham via IndiaMART,Additional details from Buyer,0,,6.0,58179081,buyer
2387628348,3161635053,1,4343609,148583059,2026-07-24 13:27:42,"Shriyansh, you have received a response from Hermes Sports, Meerut",Kitne tube,0,,5.0,4343609,seller
2438460644,3161805089,1,148480662,223885316,2026-08-27 13:38:56,"ROOPA, you have received a response from Agrim Wholesale Private Limited, Gurugram","Hello Sir 
Please whatsapp on [phone]
This is AGRIM's sales support
Write your query there they will arrange for a call for prices",0,,5.0,148480662,seller
2390218914,3161994638,1,272276590,148480662,2026-07-26 02:37:25,Re: Enquiry for Nepune Spray Pump from Vijay via IndiaMART,Additional details from Buyer,-3,2026-08-18 17:07:31,6.0,148480662,buyer
2438460304,3161994638,2,148480662,272276590,2026-08-27 13:38:44,"Vijay, you have received a response from Agrim Wholesale Private Limited, Gurugram","Hello Sir 
Please whatsapp on [phone]
This is AGRIM's sales support
Write your query there they will arrange for a call for prices",0,,5.0,148480662,seller
2438460552,3162007230,1,148480662,121815204,2026-08-27 13:38:53,"Vijay, you have received a response from Agrim Wholesale Private Limited, Gurugram","Hello Sir 
Please whatsapp on [phone]
This is AGRIM's sales support
Write your query there they will arrange for a call for prices",0,,5.0,148480662,seller
2438460448,3162017470,1,148480662,160197244,2026-08-27 13:38:49,"Ravindra, you have received a response from Agrim Wholesale Private Limited, Gurugram","Hello Sir 
Please whatsapp on [phone]
This is AGRIM's sales support
Write your query there they will arrange for a call for prices",0,,5.0,148480662,seller
2438460376,3162049011,1,148480662,246978925,2026-08-27 13:38:47,"Dinesh, you have received a response from Agrim Wholesale Private Limited, Gurugram","Hello Sir 
Please whatsapp on [phone]
This is AGRIM's sales support
Write your query there they will arrange for a call for prices",0,,5.0,148480662,seller
2438460206,3162508311,1,148480662,122185260,2026-08-27 13:38:42,"Pinke, you have received a response from Agrim Wholesale Private Limited, Gurugram","Hello Sir 
Please whatsapp on [phone]
This is AGRIM's sales support
Write your query there they will arrange for a call for prices",0,,5.0,148480662,seller
2393344403,3162726588,1,95568576,180235629,2026-07-28 12:35:46,"SHRI, product catalog shared for Sandisk Cruzer Blade 8gb Pen Drive by Alfa Enterprises, New Delhi","Hi SHRI,

Thanks for your Enquiry to Alfa Enterprises, New Delhi.

Please find my catalog : https://www.indiamart.com/fast-food-beverages-machiner-patna/new-items.html

Do you need Sandisk Cruzer Blade 8gb Pen Drive?",0,,3.0,95568576,seller
2396592429,3163054783,2,95568576,64788613,2026-07-30 12:25:51,"Vandana, product catalog shared for Sandisk Pendrive 16 Gb by Alfa Enterprises, New Delhi","Please find the catalog link:

https://www.indiamart.com/fast-food-beverages-machiner-patna/pen-drive.html",0,,3.0,95568576,seller
2393674497,3163054783,1,64788613,95568576,2026-07-28 14:56:58,Re: Enquiry for Sandisk Pendrive 16 Gb from Vandana via IndiaMART,"Hi Razia, 400 Piece kitne ka hai?",-3,2026-07-30 12:25:42,5501.0,95568576,buyer
2394280834,3163128572,1,36429489,58179081,2026-07-28 20:13:44,Re: Enquiry for Hero Splendor Bike Visor from BANDNA via IndiaMART,"Additional details from Buyer
Quantity 1
Quantity Unit Piece
Bike Model Splendor Plus
Model Year Old Model
Material Fiber
Probable Order Value Rs. 100 - 200",0,,,58179081,buyer
2394438201,3163128572,2,36429489,58179081,2026-07-29 04:04:17,Re: Enquiry for Hero Splendor Bike Visor from BANDNA via IndiaMART,Additional details from Buyer,0,,6.0,58179081,buyer
2394438217,3163128572,3,36429489,58179081,2026-07-29 04:04:26,Re: Enquiry for Hero Splendor Bike Visor from BANDNA via IndiaMART,Additional details from Buyer,0,,6.0,58179081,buyer
2396591883,3163393661,1,95568576,56042767,2026-07-30 12:25:38,"Aditya, product catalog shared for Sandisk Pendrive 16 Gb by Alfa Enterprises, New Delhi","Hi Aditya,

Thanks for your Enquiry to Alfa Enterprises, New Delhi.

Please find my catalog : https://www.indiamart.com/fast-food-beverages-machiner-patna/pen-drive.html

Do you need Sandisk Pendrive 16 Gb?",0,,3.0,95568576,seller
2396655100,3163633991,2,78653648,272499276,2026-07-30 12:52:16,Response for Rexroth Amplifier Board VT-VRPA 1-527-20/V0/2/2V-  KM 0812558 MRN [phone] requirement from Kkaz Engineering Services,Pls share part name plate,0,,5.0,78653648,seller
2396629741,3163633991,1,272499276,78653648,2026-07-30 12:41:07,"Re: Export Enquiry for Rexroth Amplifier Board VT-VRPA 1-527-20/V0/2/2V-  KM 0812558 MRN [phone] from Shawkyalhakim, Kuwait via IndiaMART",Additional details from Buyer,-3,2026-07-30 12:51:40,6.0,78653648,buyer
2438460119,3163639514,1,148480662,255777700,2026-08-27 13:38:39,"Bholu, you have received a response from Agrim Wholesale Private Limited, Gurugram","Hello Sir 
Please whatsapp on [phone]
This is AGRIM's sales support
Write your query there they will arrange for a call for prices",0,,5.0,148480662,seller
2396595523,3163669597,1,95568576,60135206,2026-07-30 12:27:02,"Popatpopatra, product catalog shared for 16 Gb Pendrive Sandisk by Alfa Enterprises, New Delhi","Hi Popatpopatra,

Thanks for your Enquiry to Alfa Enterprises, New Delhi.

Please find my catalog : https://www.indiamart.com/fast-food-beverages-machiner-patna/pen-drive.html

Do you need 16 Gb Pendrive Sandisk?",0,,3.0,95568576,seller
2397210934,3163829636,1,233473983,11574612,2026-07-30 16:56:10,Re: Enquiry for Pink Love Claw Crane Machine from RASHMI via IndiaMART,"Hi Ramesh, kitne ka hai?",-2,2026-08-02 21:41:19,5501.0,11574612,buyer
2398447555,3163879094,1,244275639,58179081,2026-07-31 14:16:44,Re: Enquiry for Hero Splendor Bike Visor from Ragul via IndiaMART,Additional details from Buyer,0,,6.0,58179081,buyer
2397540165,3163935330,1,95568576,80666657,2026-07-30 20:33:27,"Narender, product catalog shared for 32 Gb USB 3.0 Plastic Plastic Sandisk Pendrive by Alfa Enterprises, New Delhi",[phone],0,,5.0,95568576,seller
2397540177,3163935330,2,95568576,80666657,2026-07-30 20:33:28,"Narender, product catalog shared for 32 Gb USB 3.0 Plastic Plastic Sandisk Pendrive by Alfa Enterprises, New Delhi","Hi Narender,

Thanks for your Enquiry to Alfa Enterprises, New Delhi.

Please find my catalog : https://www.indiamart.com/fast-food-beverages-machiner-patna/

Do you need 32 Gb USB 3.0 Plastic Plastic Sandisk Pendrive?",0,,3.0,95568576,seller
2438448776,3163962330,1,148480662,46910825,2026-08-27 13:32:59,"Shyam, you have received a response from Agrim Wholesale Private Limited, Gurugram","Hello Sir 
Please whatsapp on [phone]
This is AGRIM's sales support
Write your query there they will arrange for a call for prices",0,,5.0,148480662,seller
2399095102,3164005412,3,95568576,105830635,2026-07-31 20:09:32,"📩 Rishi, 3 new messages for Sandisk Pendrive 32 Gb enquiry from Alfa Enterprises, New Delhi",[phone],-2,2026-08-01 10:45:41,5.0,95568576,seller
2399095061,3164005412,2,95568576,105830635,2026-07-31 20:09:28,"📩 Rishi, 3 new messages for Sandisk Pendrive 32 Gb enquiry from Alfa Enterprises, New Delhi","Hi Rishi,

Thanks for your Enquiry to Alfa Enterprises, New Delhi.

Please find my catalog : https://www.indiamart.com/fast-food-beverages-machiner-patna/sandisk-pen-drive.html

Do you need Sandisk Pendrive 32 Gb?",-2,2026-08-01 10:45:41,3.0,95568576,seller
2399095025,3164005412,1,95568576,105830635,2026-07-31 20:09:25,"📩 Rishi, 3 new messages for Sandisk Pendrive 32 Gb enquiry from Alfa Enterprises, New Delhi","Hi Rishi, yes, Sandisk Pendrive 32 Gb is available",-2,2026-08-01 10:45:41,151.0,95568576,seller
2397997702,3164056444,1,272555449,95568576,2026-07-31 11:06:00,Re: Enquiry for Sandisk Pendrive 16 Gb from Vasu via IndiaMART,Sar mujhe 64 gb ka SanDisk 2.0 ka body cabinet chahiye,-3,2026-07-31 20:09:05,5.0,95568576,buyer
2399092631,3164193202,1,95568576,222390045,2026-07-31 20:05:41,"Ankur, you have received a response from Alfa Enterprises, New Delhi",[phone],0,,5.0,95568576,seller
2399092665,3164193202,2,95568576,222390045,2026-07-31 20:05:43,"Ankur, product catalog shared for HP Pendrive 32 Gb by Alfa Enterprises, New Delhi","Hi Ankur,

Thanks for your Enquiry to Alfa Enterprises, New Delhi.

Please find my catalog : https://www.indiamart.com/fast-food-beverages-machiner-patna/hp-pen-drives.html

Do you need HP Pendrive 32 Gb?",0,,3.0,95568576,seller
2399093258,3164267538,1,95568576,218646360,2026-07-31 20:06:38,"SURESH, product catalog shared for Sandisk Pendrive 16 Gb by Alfa Enterprises, New Delhi",[phone],0,,5.0,95568576,seller
2399093291,3164267538,2,95568576,218646360,2026-07-31 20:06:41,"SURESH, product catalog shared for Sandisk Pendrive 16 Gb by Alfa Enterprises, New Delhi","Hi SURESH,

Thanks for your Enquiry to Alfa Enterprises, New Delhi.

Please find my catalog : https://www.indiamart.com/fast-food-beverages-machiner-patna/pen-drive.html

Do you need Sandisk Pendrive 16 Gb?",0,,3.0,95568576,seller
2399225379,3164303758,1,231501372,95568576,2026-08-01 01:14:35,Re: Enquiry for SanDisk 64 GB SDXC UHS-I Memory Card from RENISHJEN via IndiaMART,Additional details from Buyer,0,,6.0,95568576,buyer
2401490996,3164718392,2,95568576,44765693,2026-08-03 00:46:30,"Shashank, you have received a response from Alfa Enterprises, New Delhi",[phone],0,,5.0,95568576,seller
2401490978,3164718392,1,95568576,44765693,2026-08-03 00:46:26,"Shashank, product catalog shared for Sandisk Pendrive 128 Gb by Alfa Enterprises, New Delhi","Hi Shashank,

Thanks for your Enquiry to Alfa Enterprises, New Delhi.

Please find my catalog : https://www.indiamart.com/fast-food-beverages-machiner-patna/new-items.html

Do you need Sandisk Pendrive 128 Gb?",0,,3.0,95568576,seller
2438456493,3164730504,1,148480662,244326073,2026-08-27 13:36:47,"Rajanti, you have received a response from Agrim Wholesale Private Limited, Gurugram","Hello Sir 
Please whatsapp on [phone]
This is AGRIM's sales support
Write your query there they will arrange for a call for prices",0,,5.0,148480662,seller
2438456404,3164731423,1,148480662,48793766,2026-08-27 13:36:44,"Gaurab, you have received a response from Agrim Wholesale Private Limited, Gurugram","Hello Sir 
Please whatsapp on [phone]
This is AGRIM's sales support
Write your query there they will arrange for a call for prices",0,,5.0,148480662,seller
2400974464,3164765164,1,241082227,58179081,2026-08-02 10:52:32,Re: Enquiry for Hero Splendor Bike Visor from Daksh via IndiaMART,"Additional details from Buyer
Quantity 1
Quantity Unit Piece
Model Year Old Model
Bike Model Splendor
Probable Order Value Rs. 100 - 200",0,,,58179081,buyer
2401490899,3164797724,1,95568576,66034674,2026-08-03 00:46:02,"ANKIT, you have received a response from Alfa Enterprises, New Delhi",[phone],0,,5.0,95568576,seller
2401490902,3164797724,2,95568576,66034674,2026-08-03 00:46:03,"ANKIT, product catalog shared for Sandisk 64gb Micro SD Card by Alfa Enterprises, New Delhi","Hi ANKIT,

Thanks for your Enquiry to Alfa Enterprises, New Delhi.

Please find my catalog : https://www.indiamart.com/fast-food-beverages-machiner-patna/samsung-memory-cards.html

Do you need Sandisk 64gb Micro SD Card?",0,,3.0,95568576,seller
2405724266,3164801462,1,272657040,58179081,2026-08-05 14:40:44,Re: Enquiry for Hero Splendor Bike Visor from ARTI via IndiaMART,Additional details from Buyer,0,,6.0,58179081,buyer
2406507001,3165030886,1,246269203,26900399,2026-08-06 04:08:40,Re: Enquiry for Wooden Mandap Banquet Table from SUMIT via IndiaMART,Additional details from Buyer,-3,2026-08-06 06:52:25,6.0,26900399,buyer
2402874639,3165066338,1,95568576,269843967,2026-08-03 17:32:36,"Dhruv, product catalog shared for HP 128 GB 712w USB 3.2 Flash Drive Blue by Alfa Enterprises, New Delhi","Hi Dhruv,

Thanks for your Enquiry to Alfa Enterprises, New Delhi.

Please find my catalog : https://www.indiamart.com/fast-food-beverages-machiner-patna/hp-pen-drives.html

Do you need HP 128 GB 712w USB 3.2 Flash Drive Blue?",0,,3.0,95568576,seller
2402869763,3165132757,1,95568576,272702802,2026-08-03 17:30:35,"Nik, product catalog shared for Sandisk Pendrive 16 Gb by Alfa Enterprises, New Delhi","Hi Nik,

Thanks for your Enquiry to Alfa Enterprises, New Delhi.

Please find my catalog : https://www.indiamart.com/fast-food-beverages-machiner-patna/pen-drive.html

Do you need Sandisk Pendrive 16 Gb?",0,,3.0,95568576,seller
2402869951,3165132757,2,95568576,272702802,2026-08-03 17:30:40,"Nik, you have received a response from Alfa Enterprises, New Delhi",[phone],0,,5.0,95568576,seller
2402869219,3165222076,1,95568576,2098523,2026-08-03 17:30:23,"Sanjay, product catalog shared for Sandisk Pendrive 16 Gb by Alfa Enterprises, New Delhi","Hi Sanjay,

Thanks for your Enquiry to Alfa Enterprises, New Delhi.

Please find my catalog : https://www.indiamart.com/fast-food-beverages-machiner-patna/pen-drive.html

Do you need Sandisk Pendrive 16 Gb?",-3,2026-08-04 11:16:07,3.0,95568576,seller
2402869383,3165222076,2,95568576,2098523,2026-08-03 17:30:26,"Sanjay, you have received a response from Alfa Enterprises, New Delhi",[phone],-3,2026-08-04 11:16:07,5.0,95568576,seller
2402868039,3165238850,1,95568576,142502816,2026-08-03 17:29:55,"Manish, you have received a response from Alfa Enterprises, New Delhi",[phone],0,,5.0,95568576,seller
2402868183,3165238850,2,95568576,142502816,2026-08-03 17:29:57,"Manish, product catalog shared for SanDisk Standard SD Card 8gb Memory Cards by Alfa Enterprises, New Delhi","Hi Manish,

Thanks for your Enquiry to Alfa Enterprises, New Delhi.

Please find my catalog : https://www.indiamart.com/fast-food-beverages-machiner-patna/samsung-memory-cards.html

Do you need SanDisk Standard SD Card 8gb Memory Cards?",0,,3.0,95568576,seller
2404936397,3165687055,1,95568576,191943818,2026-08-05 08:24:30,"Ram, you have received a response from Alfa Enterprises, New Delhi",[phone],0,,5.0,95568576,seller
2404936408,3165687055,2,95568576,191943818,2026-08-05 08:24:33,"Ram, product catalog shared for Sandisk Pendrive 32 Gb by Alfa Enterprises, New Delhi","Hi Ram,

Thanks for your Enquiry to Alfa Enterprises, New Delhi.

Please find my catalog : https://www.indiamart.com/fast-food-beverages-machiner-patna/sandisk-pen-drives.html

Do you need Sandisk Pendrive 32 Gb?",0,,3.0,95568576,seller
2404937656,3165697340,1,95568576,235396732,2026-08-05 08:26:56,"Madhusmita, you have received a response from Alfa Enterprises, New Delhi",[phone],0,,5.0,95568576,seller
2404937666,3165697340,2,95568576,235396732,2026-08-05 08:26:58,"Madhusmita, product catalog shared for Sandisk Cruzer Blade 128gb Usb 2.0 Pen Drive by Alfa Enterprises, New Delhi","Hi Madhusmita,

Thanks for your Enquiry to Alfa Enterprises, New Delhi.

Please find my catalog : https://www.indiamart.com/fast-food-beverages-machiner-patna/sandisk-pen-drive.html

Do you need Sandisk Cruzer Blade 128gb Usb 2.0 Pen Drive?",0,,3.0,95568576,seller
2409035044,3165699552,1,137941261,6965280,2026-08-07 14:06:01,"Sunil, you have received a response from Maa Kali Roadways, Patna",Ok,-3,2026-08-07 14:06:50,5.0,137941261,seller
2409684848,3165922168,1,13775466,4343609,2026-08-07 18:41:59,Re: Enquiry for Zolt Red Feather Shuttlecock from DEEPANKAR via IndiaMART,Additional details from Buyer,-3,2026-08-07 18:45:38,6.0,4343609,buyer
2409828033,3165994769,1,225497400,26900399,2026-08-07 21:15:45,Re: Enquiry for 2 In 1 Folding Table from Shreyas via IndiaMART,Additional details from Buyer,-3,2026-08-09 14:42:42,6.0,26900399,buyer
2407627849,3166106039,1,95568576,271802974,2026-08-06 16:30:09,"Tanishq, you have received a response from Alfa Enterprises, New Delhi",[phone],-3,2026-08-06 17:15:22,5.0,95568576,seller
2407497863,3166241195,1,95568576,272850188,2026-08-06 15:34:29,"MS, product catalog shared for SanDisk Ultra Flair 64gb USB 3.0 Pen Drive by Alfa Enterprises, New Delhi","Hi MS,

Thanks for your Enquiry to Alfa Enterprises, New Delhi.

Please find my catalog : https://www.indiamart.com/fast-food-beverages-machiner-patna/sandisk-pen-drives.html

Do you need SanDisk Ultra Flair 64gb USB 3.0 Pen Drive?",0,,3.0,95568576,seller
2407498161,3166241195,2,95568576,272850188,2026-08-06 15:34:35,"MS, you have received a response from Alfa Enterprises, New Delhi",[phone],0,,5.0,95568576,seller
2409963658,3166277627,1,42576179,58179081,2026-08-08 05:38:12,Re: Enquiry for Yamaha Headlight Visor from Mohan via IndiaMART,Additional details from Buyer,0,,6.0,58179081,buyer
2438452605,3166346325,1,148480662,31570745,2026-08-27 13:34:48,"Naresh, you have received a response from Agrim Wholesale Private Limited, Gurugram","Hello Sir 
Please whatsapp on [phone]
This is AGRIM's sales support
Write your query there they will arrange for a call for prices",0,,5.0,148480662,seller
2410014682,3166399211,1,121001853,95568576,2026-08-08 08:31:24,Re: Enquiry for Sandisk Pendrive 16 Gb from Amrat via IndiaMART,Additional details from Buyer,-3,2026-08-08 19:08:02,6.0,95568576,buyer
2408289651,3166554552,1,272892553,26900399,2026-08-07 09:10:49,Re: Enquiry for Wooden Mandap Banquet Table from Siddhant via IndiaMART,"Additional details from Buyer
Quantity 6
Quantity Unit piece
Shape Square
Size 6 x 2 ft
Top Material Waterproof Ply
Usage/Application Event Management
Probable Order Value Rs. 12,000 - 17,000
Probable Requirement Type Business Use",-3,2026-08-14 14:02:24,,26900399,buyer
2409929960,3166583266,1,257978579,58179081,2026-08-08 01:17:45,Re: Enquiry for Yamaha Headlight Visor from Omakar via IndiaMART,Additional details from Buyer,0,,,58179081,buyer
2409947816,3166895609,1,115927431,26900399,2026-08-08 03:08:23,Re: Enquiry for Wooden Mandap Banquet Table from Rakesh via IndiaMART,Additional details from Buyer,-3,2026-08-08 03:08:25,6.0,26900399,buyer
2411521399,3167176060,1,272974961,58179081,2026-08-08 20:16:52,Re: Enquiry for Hero Splendor Bike Visor from S via IndiaMART,Additional details from Buyer,0,,6.0,58179081,buyer
2411713308,3167244758,1,244816775,58179081,2026-08-09 01:19:15,Re: Enquiry for Discover Bike Headlight Visor from Kailash via IndiaMART,Additional details from Buyer,0,,6.0,58179081,buyer
2411845365,3167244758,2,244816775,58179081,2026-08-09 09:36:21,Re: Enquiry for Discover Bike Headlight Visor from Kailash via IndiaMART,Additional details from Buyer,0,,6.0,58179081,buyer
2413394854,3167452392,1,4343609,273015678,2026-08-10 14:28:13,"Anuraj, you have received a response from Hermes Sports, Meerut","Hi Anuraj, Thanks for talking to me. Looking forward to doing business with you.",-3,2026-08-12 19:11:30,30.0,4343609,seller
2413395123,3167452392,2,4343609,273015678,2026-08-10 14:28:19,"Anuraj, you have received a response from Hermes Sports, Meerut",Hello,-3,2026-08-12 19:11:30,5.0,4343609,seller
2413395418,3167452392,3,4343609,273015678,2026-08-10 14:28:26,"Anuraj, you have received a response from Hermes Sports, Meerut",Please share your no,-3,2026-08-12 19:11:30,5.0,4343609,seller
2413395635,3167452392,4,4343609,273015678,2026-08-10 14:28:32,"Anuraj, you have received a response from Hermes Sports, Meerut",How many tubes you want,-3,2026-08-12 19:11:30,5.0,4343609,seller
2438452462,3167499159,1,148480662,190676201,2026-08-27 13:34:44,"Ajit, you have received a response from Agrim Wholesale Private Limited, Gurugram","Hello Sir 
Please whatsapp on [phone]
This is AGRIM's sales support
Write your query there they will arrange for a call for prices",0,,5.0,148480662,seller
2413536141,3167741593,1,16300700,78653648,2026-08-10 15:27:35,"Keshav, 2 new messages for Limit Switch Bernstein ENK-SU1Z AHS-V enquiry from Jagadish via IndiaMART",This is my whatsapp number,0,,5.0,78653648,buyer
2413536389,3167741593,2,16300700,78653648,2026-08-10 15:27:40,"Keshav, 2 new messages for Limit Switch Bernstein ENK-SU1Z AHS-V enquiry from Jagadish via IndiaMART",[phone],0,,5.0,78653648,buyer
2413875465,3167802426,1,210549600,58179081,2026-08-10 17:44:51,Re: Enquiry for Yamaha Headlight Visor from Sandeep via IndiaMART,Additional details from Buyer,-3,2026-09-02 10:29:20,6.0,58179081,buyer
2415282858,3167851422,1,95568576,6020547,2026-08-11 15:54:51,"Harendra, product catalog shared for Samsung 8 GB MicroSD Memory Card by Alfa Enterprises, New Delhi","Hi Harendra,

Thanks for your Enquiry to Alfa Enterprises, New Delhi.

Please find my catalog : https://www.indiamart.com/fast-food-beverages-machiner-patna/samsung-memory-cards.html

Do you need Samsung 8 GB MicroSD Memory Card?",0,,3.0,95568576,seller
2415282323,3167881040,1,95568576,18926052,2026-08-11 15:54:37,"Sunil, product catalog shared for Cheapest Memory Card by Alfa Enterprises, New Delhi","Hi Sunil,

Thanks for your Enquiry to Alfa Enterprises, New Delhi.

Please find my catalog : https://www.indiamart.com/fast-food-beverages-machiner-patna/samsung-memory-cards.html

Do you need Cheapest Memory Card?",-2,2026-08-11 16:15:07,3.0,95568576,seller
2414171284,3167903475,1,273076472,58179081,2026-08-10 22:58:11,Re: Enquiry for Bottle from Afham via IndiaMART,Share the details of Accounts Industry Recruitment,0,,30.0,58179081,buyer
2414269209,3167926971,1,98444530,95568576,2026-08-11 07:46:31,Re: Enquiry for Cruzer Blade Usb Flash Drive from Arun via IndiaMART,"Additional details from Buyer
Quantity 150
Quantity Unit Piece
Capacity 32 GB
Brand SanDisk
USB Version 2.0
Usage/Application Studio Use
Probable Order Value Rs. 52,000 - 68,000
Probable Requirement Type Business Use",-3,2026-08-11 15:53:46,,95568576,buyer
2415280904,3167926971,2,95568576,98444530,2026-08-11 15:53:55,"Arun, product catalog shared for Cruzer Blade Usb Flash Drive by Alfa Enterprises, New Delhi","Please find the catalog link:

https://www.indiamart.com/fast-food-beverages-machiner-patna/sandisk-pen-drives.html",0,,3.0,95568576,seller
2438452193,3168203224,1,148480662,116698472,2026-08-27 13:34:36,"Danish, you have received a response from Agrim Wholesale Private Limited, Gurugram","Hello Sir 
Please whatsapp on [phone]
This is AGRIM's sales support
Write your query there they will arrange for a call for prices",0,,5.0,148480662,seller
2415752839,3168227039,1,272551221,58179081,2026-08-11 19:50:14,Re: Enquiry for Plastic Box from Shubham via IndiaMART,"Additional details from Buyer
Material Abs Plastic
Usage Garage",0,,,58179081,buyer
2415814021,3168246326,1,23341611,78653648,2026-08-11 21:09:40,Re: Enquiry for Rexroth Amplifier Board VT-VRPA 1-527-20/V0/2/2V-  KM 0812558 MRN [phone] from DHARMENDRA via IndiaMART,"Additional details from Buyer
Quantity 1
Quantity Unit Piece
Material Pcb
Model No Vt Vrra1 527-20 Vo/2stv
Probable Order Value Rs. 1,000 - 8,000",0,,,78653648,buyer
2438449425,3168256035,1,148480662,161688329,2026-08-27 13:33:16,"Sannaveerappa, you have received a response from Agrim Wholesale Private Limited, Gurugram","Hello Sir 
Please whatsapp on [phone]
This is AGRIM's sales support
Write your query there they will arrange for a call for prices",0,,5.0,148480662,seller
2438452071,3168269934,1,148480662,35034249,2026-08-27 13:34:33,"Sahiram, you have received a response from Agrim Wholesale Private Limited, Gurugram","Hello Sir 
Please whatsapp on [phone]
This is AGRIM's sales support
Write your query there they will arrange for a call for prices",0,,5.0,148480662,seller
2415860304,3168276850,1,232060141,148480662,2026-08-11 22:26:38,Re: Enquiry for Hymark Battery Operated Knapsack Sprayer from Akash via IndiaMART,What price,-3,2026-08-14 18:31:42,5.0,148480662,buyer
2438451946,3168276850,2,148480662,232060141,2026-08-27 13:34:29,"Akash, you have received a response from Agrim Wholesale Private Limited, Gurugram","Hello Sir 
Please whatsapp on [phone]
This is AGRIM's sales support
Write your query there they will arrange for a call for prices",0,,5.0,148480662,seller
2418000921,3168703437,1,95568576,207836323,2026-08-13 11:57:18,"Mohit, product catalog shared for SanDisk Pen Drive by Alfa Enterprises, New Delhi","Hi Mohit,

Thanks for your Enquiry to Alfa Enterprises, New Delhi.

Please find my catalog : https://www.indiamart.com/fast-food-beverages-machiner-patna/sandisk-pen-drive.html

Do you need SanDisk Pen Drive?",0,,3.0,95568576,seller
2417813290,3168746730,2,210184379,58179081,2026-08-13 10:50:48,Re: Enquiry for Hero Splendor Bike Visor from Ashish via IndiaMART,Additional details from Buyer,-3,2026-08-31 12:16:59,6.0,58179081,buyer
2417813280,3168746730,1,210184379,58179081,2026-08-13 10:50:48,Re: Enquiry for Hero Splendor Bike Visor from Ashish via IndiaMART,Additional details from Buyer,-3,2026-08-31 12:16:59,6.0,58179081,buyer
2438449558,3168811822,1,148480662,53770160,2026-08-27 13:33:19,"AVISHEK, you have received a response from Agrim Wholesale Private Limited, Gurugram","Hello Sir 
Please whatsapp on [phone]
This is AGRIM's sales support
Write your query there they will arrange for a call for prices",0,,5.0,148480662,seller
2438451530,3168832478,1,148480662,150739140,2026-08-27 13:34:16,"Chafe, you have received a response from Agrim Wholesale Private Limited, Gurugram","Hello Sir 
Please whatsapp on [phone]
This is AGRIM's sales support
Write your query there they will arrange for a call for prices",0,,5.0,148480662,seller
2442953653,3168984793,1,58179081,265703943,2026-08-31 12:16:26,"REKHA, you have received a response from Siddhi Vinayak Plastic, New Delhi","Hi REKHA, how many piece/set of bike headlight visor do you need?",0,,3001.0,58179081,seller
2438451429,3169225344,1,148480662,150097141,2026-08-27 13:34:13,"Ramesh, you have received a response from Agrim Wholesale Private Limited, Gurugram","Hello Sir 
Please whatsapp on [phone]
This is AGRIM's sales support
Write your query there they will arrange for a call for prices",0,,5.0,148480662,seller
2420203189,3169253664,1,95568576,64103343,2026-08-14 16:19:01,"Sanjay, product catalog shared for Sandisk Pen Drive 16gb by Alfa Enterprises, New Delhi",[phone],0,,5.0,95568576,seller
2420203731,3169253664,2,95568576,64103343,2026-08-14 16:19:14,"Sanjay, product catalog shared for Sandisk Pen Drive 16gb by Alfa Enterprises, New Delhi","Hi Sanjay,

Thanks for your Enquiry to Alfa Enterprises, New Delhi.

Please find my catalog : https://www.indiamart.com/fast-food-beverages-machiner-patna/pen-drive.html

Do you need Sandisk Pen Drive 16gb?",0,,3.0,95568576,seller
2420701796,3169318338,1,95568576,52486738,2026-08-15 01:46:56,"Charanjeet, product catalog shared for Sandisk Pendrive 64 Gb Usb 2.0 by Alfa Enterprises, New Delhi","Hi Charanjeet,

Thanks for your Enquiry to Alfa Enterprises, New Delhi.

Please find my catalog : https://www.indiamart.com/alfaenterprises-newdelhi-dl/sandisk-pen-drives.html

Do you need Sandisk Pendrive 64 Gb Usb 2.0?",-3,2026-08-15 14:33:27,3.0,95568576,seller
2420739510,3169382620,1,247843680,95568576,2026-08-15 08:03:27,Re: Enquiry for Sandisk Pendrive 64 Gb Usb 2.0 from Dommeti via IndiaMART,"Additional details from Buyer
Quantity 1
Quantity Unit Pack
Capacity 32 GB
USB Version 3.0
Body Material Plastic
Brand SanDisk
Usage/Application Resale",0,,,95568576,buyer
2420739511,3169382620,2,247843680,95568576,2026-08-15 08:03:27,Re: Enquiry for Sandisk Pendrive 64 Gb Usb 2.0 from Dommeti via IndiaMART,"Additional details from Buyer
Quantity 1
Quantity Unit Pack
Capacity 32 GB
USB Version 3.0
Body Material Plastic
Brand SanDisk
Usage/Application Resale",0,,,95568576,buyer
2421012292,3169489930,1,95568576,213319006,2026-08-15 13:06:36,"RIZWAN, product catalog shared for Sandisk Pendrive 16 Gb by Alfa Enterprises, New Delhi","Hi RIZWAN,

Thanks for your Enquiry to Alfa Enterprises, New Delhi.

Please find my catalog : https://www.indiamart.com/alfaenterprises-newdelhi-dl/pen-drive.html

Do you need Sandisk Pendrive 16 Gb?",-3,2026-08-31 18:55:53,3.0,95568576,seller
2421691825,3169537656,1,95568576,52326917,2026-08-16 10:44:42,"Jitender, product catalog shared for Sandisk Pen Drive by Alfa Enterprises, New Delhi","Hi Jitender,

Thanks for your Enquiry to Alfa Enterprises, New Delhi.

Please find my catalog : https://www.indiamart.com/alfaenterprises-newdelhi-dl/pen-drive.html

Do you need Sandisk Pen Drive?",0,,3.0,95568576,seller
2421172034,3169541934,1,95568576,273307519,2026-08-15 15:56:58,"Bataiy, product catalog shared for Sandisk Pendrive 64 Gb Usb 2.0 by Alfa Enterprises, New Delhi","Hi Bataiy,

Thanks for your Enquiry to Alfa Enterprises, New Delhi.

Please find my catalog : https://www.indiamart.com/alfaenterprises-newdelhi-dl/sandisk-pen-drives.html

Do you need Sandisk Pendrive 64 Gb Usb 2.0?",0,,3.0,95568576,seller
2421644327,3169699438,1,273330959,148480662,2026-08-16 09:45:26,Re: Enquiry for Sujala 19 19 19 Fertilizer from KULDEEP via IndiaMART,"Additional details from Buyer
Npk Ratio 19:19:19
Form Granules",-3,2026-08-18 16:27:44,,148480662,buyer
2438451350,3169699438,2,148480662,273330959,2026-08-27 13:34:10,"KULDEEP, you have received a response from Agrim Wholesale Private Limited, Gurugram","Hello Sir 
Please whatsapp on [phone]
This is AGRIM's sales support
Write your query there they will arrange for a call for prices",0,,5.0,148480662,seller
2438450258,3169748413,1,148480662,86150871,2026-08-27 13:33:40,"Parmeshwar, you have received a response from Agrim Wholesale Private Limited, Gurugram","Hello Sir 
Please whatsapp on [phone]
This is AGRIM's sales support
Write your query there they will arrange for a call for prices",0,,5.0,148480662,seller
2438450120,3169909203,1,148480662,273365519,2026-08-27 13:33:36,Response for Hymax Battery Powered Sprayer pump requirement from Agrim Wholesale Private Limited,"Hello Sir 
Please whatsapp on [phone]
This is AGRIM's sales support
Write your query there they will arrange for a call for prices",0,,5.0,148480662,seller
2424880754,3170081502,1,95568576,236296001,2026-08-18 14:23:10,"Gaurav, product catalog shared for Sandisk Pendrive 16 Gb by Alfa Enterprises, New Delhi","Hi Gaurav,

Thanks for your Enquiry to Alfa Enterprises, New Delhi.

Please find my catalog : https://www.indiamart.com/alfaenterprises-newdelhi-dl/pen-drive.html

Do you need Sandisk Pendrive 16 Gb?",0,,3.0,95568576,seller
2424761856,3170227800,1,95568576,37356648,2026-08-18 13:29:56,"Rajesh, product catalog shared for Sandisk Cruzer Blade 128gb Usb 2.0 Pen Drive by Alfa Enterprises, New Delhi","Hi Rajesh,

Thanks for your Enquiry to Alfa Enterprises, New Delhi.

Please find my catalog : https://www.indiamart.com/alfaenterprises-newdelhi-dl/sandisk-pen-drive.html

Do you need Sandisk Cruzer Blade 128gb Usb 2.0 Pen Drive?",0,,3.0,95568576,seller
2424753807,3170362126,1,95568576,273429133,2026-08-18 13:26:20,"Amaan, product catalog shared for HP 128gb Memory Card by Alfa Enterprises, New Delhi","Hi Amaan,

Thanks for your Enquiry to Alfa Enterprises, New Delhi.

Please find my catalog : https://www.indiamart.com/alfaenterprises-newdelhi-dl/hp-memory-cards.html

Do you need HP 128gb Memory Card?",0,,3.0,95568576,seller
2424757992,3170486101,1,95568576,148655669,2026-08-18 13:28:10,"Girish, product catalog shared for Usb Pen Drive by Alfa Enterprises, New Delhi","Hi Girish,

Thanks for your Enquiry to Alfa Enterprises, New Delhi.

Please find my catalog : https://www.indiamart.com/alfaenterprises-newdelhi-dl/sandisk-pen-drives.html

Do you need Usb Pen Drive?",0,,3.0,95568576,seller
2438449786,3170557950,2,148480662,159194022,2026-08-27 13:33:26,"Dinesh, you have received a response from Agrim Wholesale Private Limited, Gurugram","Hello Sir 
Please whatsapp on [phone]
This is AGRIM's sales support
Write your query there they will arrange for a call for prices",0,,5.0,148480662,seller
2425084595,3170557950,1,159194022,148480662,2026-08-18 15:51:19,Re: Enquiry for Vriddhi  Battry Oprated Sprayer Pump from Dinesh via IndiaMART,"Additional details from Buyer
Quantity 20
Quantity Unit Piece
Operation Mode Battery Operated
Motor Type Single Motor
Tank Capacity 20 Litres
Usage/Application Resale
Probable Order Value Rs. 44,000 - 59,000
Probable Requirement Type Business Use",-3,2026-08-18 15:52:46,,148480662,buyer
2438448384,3170896547,1,148480662,265664971,2026-08-27 13:32:48,"Kunal, you have received a response from Agrim Wholesale Private Limited, Gurugram","Hello Sir 
Please whatsapp on [phone]
This is AGRIM's sales support
Write your query there they will arrange for a call for prices",0,,5.0,148480662,seller
2442948712,3170952546,1,58179081,233000864,2026-08-31 12:14:47,"Rockstar, you have received a response from Siddhi Vinayak Plastic, New Delhi",OK,0,,5.0,58179081,seller
2438448264,3171168331,2,148480662,226404153,2026-08-27 13:32:45,"Asip, you have received a response from Agrim Wholesale Private Limited, Gurugram","Hello Sir 
Please whatsapp on [phone]
This is AGRIM's sales support
Write your query there they will arrange for a call for prices",0,,5.0,148480662,seller
2427519436,3171168331,1,226404153,148480662,2026-08-20 09:35:58,Re: Enquiry for Shaurya Double Motor sprayer pump from Asip via IndiaMART,"Additional details from Buyer
Model Name/number Shaurya
Probable Requirement Type Business Use",-3,2026-08-27 13:32:43,,148480662,buyer
2429054178,3171516167,2,8590098,95568576,2026-08-21 07:50:45,"Razia, 2 new messages for Sandisk Pendrive 16 Gb enquiry from Aneesh via IndiaMART",Delivery kerala?,-3,2026-08-21 11:01:30,5.0,95568576,buyer
2429053009,3171516167,1,8590098,95568576,2026-08-21 07:46:32,"Razia, 2 new messages for Sandisk Pendrive 16 Gb enquiry from Aneesh via IndiaMART",Hi,-3,2026-08-21 11:01:30,5.0,95568576,buyer
2429512936,3171595126,1,124178758,4343609,2026-08-21 12:11:01,Re: Enquiry for Zolt Red Badminton Shuttlecock from BOLEM via IndiaMART,Are they available in vizag,0,,5.0,4343609,buyer
2429841076,3171652708,1,95568576,895983,2026-08-21 14:37:51,"BI, product catalog shared for Pen Drive by Alfa Enterprises, New Delhi","Hi BI,

Thanks for your Enquiry to Alfa Enterprises, New Delhi.

Please find my catalog : https://www.indiamart.com/alfaenterprises-newdelhi-dl/sandisk-pen-drives.html

Do you need Pen Drive?",0,,3.0,95568576,seller
2430551088,3171798293,1,95568576,30000628,2026-08-21 22:08:41,"Murari, product catalog shared for Pan Drive 32 Gb by Alfa Enterprises, New Delhi","Hi Murari,

Thanks for your Enquiry to Alfa Enterprises, New Delhi.

Please find my catalog : https://www.indiamart.com/alfaenterprises-newdelhi-dl/sandisk-pen-drives.html

Do you need Pan Drive 32 Gb?",0,,3.0,95568576,seller
2438448117,3171879491,1,148480662,213759960,2026-08-27 13:32:40,"Ramashish, you have received a response from Agrim Wholesale Private Limited, Gurugram","Hello Sir 
Please whatsapp on [phone]
This is AGRIM's sales support
Write your query there they will arrange for a call for prices",0,,5.0,148480662,seller
2431789128,3172051571,1,270751783,253385497,2026-08-22 17:14:15,"Tushar, you have received a response from Jaitra Digital Solution, Ahmedabad",hello sir veer tomar here  from jaitra digital solution,-3,2026-08-22 17:33:04,5.0,270751783,seller
2431836143,3172058709,4,270751783,253385497,2026-08-22 17:34:45,"Tushar, you have received a response from Jaitra Digital Solution, Ahmedabad",https://www.indiamart.com/jaitra-digital-solution/,-3,2026-08-22 17:35:14,5.0,270751783,seller
2431836593,3172058709,5,270751783,253385497,2026-08-22 17:34:58,"Tushar, you have received a response from Jaitra Digital Solution, Ahmedabad",please check my catalouge,-3,2026-08-22 17:35:14,5.0,270751783,seller
2431833522,3172058709,3,253385497,270751783,2026-08-22 17:33:25,Re: Enquiry for B2B Portal handling from Tushar via IndiaMART,How much price?,-3,2026-08-22 17:33:26,5.0,270751783,buyer
2431832999,3172058709,2,253385497,270751783,2026-08-22 17:33:08,Re: Enquiry for B2B Portal handling from Tushar via IndiaMART,Hy,-3,2026-08-22 17:33:08,5.0,270751783,buyer
2431831312,3172058709,1,270751783,253385497,2026-08-22 17:32:19,"Tushar, you have received a response from Jaitra Digital Solution, Ahmedabad","Thanks for your enquiry, we will respond soon",-3,2026-08-22 17:33:04,152.0,270751783,seller
2431850657,3172061678,1,270751783,253385497,2026-08-22 17:41:41,"Tushar, you have received a response from Jaitra Digital Solution, Ahmedabad","Hi Tushar, what level of support do you need for the b2b portal services? standard, priority, 24/7?",-2,2026-08-22 18:03:11,3016.0,270751783,seller
2431933386,3172077358,1,270751783,253385497,2026-08-22 18:25:42,"Tushar, product catalog shared for Tradeindia handling by Jaitra Digital Solution, Ahmedabad","Hi Tushar,

Thanks for your Enquiry to Jaitra Digital Solution, Ahmedabad.

Please find my catalog : https://www.indiamart.com/jaitra-digital-solution/website-development-services.html

Do you need B2B Portal handling?",-3,2026-08-22 18:25:42,3.0,270751783,seller
2432837402,3172328267,1,95568576,245999607,2026-08-23 21:01:37,"ABHISHEK, product catalog shared for SanDisk Pen Drive 8 Gb by Alfa Enterprises, New Delhi","Hi ABHISHEK,

Thanks for your Enquiry to Alfa Enterprises, New Delhi.

Please find my catalog : https://www.indiamart.com/alfaenterprises-newdelhi-dl/pen-drive.html

Do you need SanDisk Pen Drive 8 Gb?",-2,2026-09-03 10:52:09,3.0,95568576,seller
2432837077,3172344924,1,95568576,227123021,2026-08-23 21:01:00,"Anmol, product catalog shared for Sandisk Pendrive 16 Gb by Alfa Enterprises, New Delhi","Hi Anmol,

Thanks for your Enquiry to Alfa Enterprises, New Delhi.

Please find my catalog : https://www.indiamart.com/alfaenterprises-newdelhi-dl/pen-drive.html

Do you need Sandisk Pendrive 16 Gb?",0,,3.0,95568576,seller
2434462526,3172579893,1,95568576,58430253,2026-08-24 18:37:12,"Kunal, product catalog shared for SanDisk Pen Drive by Alfa Enterprises, New Delhi","Hi Kunal,

Thanks for your Enquiry to Alfa Enterprises, New Delhi.

Please find my catalog : https://www.indiamart.com/alfaenterprises-newdelhi-dl/pen-drive.html

Do you need SanDisk Pen Drive?",0,,3.0,95568576,seller
2434163179,3172646101,1,30786179,70382549,2026-08-24 16:31:59,"Re: Enquiry for Mild Steel Bra Cup Moulding Machine, Capacity: 5 Kw 415v from Pratap via IndiaMART",[phone] plz contact,0,,5.0,70382549,buyer
2434457637,3172674456,1,95568576,147860300,2026-08-24 18:34:03,"Kuldeep, product catalog shared for SAMSUNG Pro Plus Microsd Memory Card Adapter, 512gb by Alfa Enterprises, New Delhi","Hi Kuldeep,

Thanks for your Enquiry to Alfa Enterprises, New Delhi.

Please find my catalog : https://www.indiamart.com/alfaenterprises-newdelhi-dl/samsung-memory-cards.html

Do you need SAMSUNG Pro Plus Microsd Memory Card Adapter, 512gb?",0,,3.0,95568576,seller
2435490551,3172853391,1,95568576,272777779,2026-08-25 14:36:07,"Jonshan, 2 new messages for 32 Gb Sandisk Cruzer Blade Pen Drive enquiry from Alfa Enterprises, New Delhi","Hi Jonshan,

Thanks for your Enquiry to Alfa Enterprises, New Delhi.

Please find my catalog : https://www.indiamart.com/alfaenterprises-newdelhi-dl/sandisk-pen-drive.html

Do you need 32 Gb Sandisk Cruzer Blade Pen Drive?",0,,3.0,95568576,seller
2435490819,3172853391,2,95568576,272777779,2026-08-25 14:36:15,"Jonshan, 2 new messages for 32 Gb Sandisk Cruzer Blade Pen Drive enquiry from Alfa Enterprises, New Delhi",[phone],0,,5.0,95568576,seller
2438447292,3173060438,1,148480662,224419092,2026-08-27 13:32:14,"Pankaj, you have received a response from Agrim Wholesale Private Limited, Gurugram","Hello Sir 
Please whatsapp on [phone]
This is AGRIM's sales support
Write your query there they will arrange for a call for prices",0,,5.0,148480662,seller
2437767592,3173167218,1,95568576,16031728,2026-08-27 00:20:07,"Ahamed, product catalog shared for Sandisk Cruzer Blade Usb 2.0 Pen Drive 32 Gb by Alfa Enterprises, New Delhi",[phone],-2,2026-08-31 12:37:12,5.0,95568576,seller
2437767595,3173167218,2,95568576,16031728,2026-08-27 00:20:09,"Ahamed, product catalog shared for Sandisk Cruzer Blade Usb 2.0 Pen Drive 32 Gb by Alfa Enterprises, New Delhi","Hi Ahamed,

Thanks for your Enquiry to Alfa Enterprises, New Delhi.

Please find my catalog : https://www.indiamart.com/alfaenterprises-newdelhi-dl/sandisk-pen-drive.html

Do you need Sandisk Cruzer Blade Usb 2.0 Pen Drive 32 Gb?",-2,2026-08-31 12:37:12,3.0,95568576,seller
2438446902,3173334117,1,148480662,11481083,2026-08-27 13:32:03,"Pandharinath, you have received a response from Agrim Wholesale Private Limited, Gurugram","Hello Sir 
Please whatsapp on [phone]
This is AGRIM's sales support
Write your query there they will arrange for a call for prices",-3,2026-09-08 07:49:59,5.0,148480662,seller
2438446764,3173495077,1,148480662,273761329,2026-08-27 13:31:59,"Jyoti, you have received a response from Agrim Wholesale Private Limited, Gurugram","Hello Sir 
Please whatsapp on [phone]
This is AGRIM's sales support
Write your query there they will arrange for a call for prices",-3,2026-08-27 21:32:12,5.0,148480662,seller
2437932937,3173543465,1,71111325,14621909,2026-08-27 09:54:11,Re: Enquiry from Bharat via IndiaMART,"Hi Jitendra, what is the price of product?",-3,2026-08-29 19:45:00,5001.0,14621909,buyer
2441503954,3173543465,2,14621909,71111325,2026-08-29 19:48:54,"Bharat, you have received a response from Payal Cargo Service, Vasai Virar","Hi Bharat Gupta, Thanks for talking to me. Looking forward to doing business with you.",-3,2026-09-02 13:54:19,30.0,14621909,seller
2438442834,3173586981,1,148480662,25802569,2026-08-27 13:29:51,"LOGESH, you have received a response from Agrim Wholesale Private Limited, Gurugram",hello Sir,0,,5.0,148480662,seller
2438443247,3173586981,2,148480662,25802569,2026-08-27 13:30:05,"LOGESH, you have received a response from Agrim Wholesale Private Limited, Gurugram",please message on [phone],0,,5.0,148480662,seller
2438443496,3173586981,3,148480662,25802569,2026-08-27 13:30:13,"LOGESH, you have received a response from Agrim Wholesale Private Limited, Gurugram",this is AGRIM's sales support,0,,5.0,148480662,seller
2438444589,3173586981,4,148480662,25802569,2026-08-27 13:30:50,"LOGESH, you have received a response from Agrim Wholesale Private Limited, Gurugram",write your query there they will arrange for a call for prices,0,,5.0,148480662,seller
2438448871,3173586981,5,148480662,25802569,2026-08-27 13:33:02,"LOGESH, you have received a response from Agrim Wholesale Private Limited, Gurugram","Hello Sir 
Please whatsapp on [phone]
This is AGRIM's sales support
Write your query there they will arrange for a call for prices",0,,5.0,148480662,seller
2439302697,3173871411,1,266559184,148480662,2026-08-28 00:54:52,Re: Enquiry for Aluminium Phosphide Tablets from Ajay via IndiaMART,Hyy,-3,2026-08-29 10:02:47,5.0,148480662,buyer
2479583968,3174493812,1,103509296,120479267,2026-09-25 14:12:31,"Jatin, you have received a response from bhole traders, Agra",Yes,0,,5.0,103509296,seller
2442074109,3174578384,1,137132210,26900399,2026-08-30 15:17:55,Re: Enquiry for Rectangular Wooden Mandap Banquet Table from Mohit via IndiaMART,"Additional details from Buyer
Quantity 10
Quantity Unit piece
Shape Rectangle
Size 6 x 2 ft
Top Material Stainless Steel
Usage/Application Rental Business
Probable Order Value Rs. 50,000 to 1 Lakh
Probable Requirement Type Business Use",0,,,26900399,buyer
2443208543,3174829172,2,95568576,162179781,2026-08-31 13:56:06,"NITISH, product catalog shared for Sandisk Pendrive 16 Gb by Alfa Enterprises, New Delhi","Please find the catalog link:

https://www.indiamart.com/alfaenterprises-newdelhi-dl/pen-drive.html",-2,2026-08-31 15:16:38,3.0,95568576,seller
2442828049,3174829172,1,162179781,95568576,2026-08-31 11:33:56,Re: Enquiry for Sandisk Pendrive 16 Gb from NITISH via IndiaMART,"Hi Razia, kya aap Sandisk Pendrive 16 Gb ki details bhej sakte hai?",-3,2026-08-31 13:55:55,5505.0,95568576,buyer
2443148377,3174835961,2,95568576,221101323,2026-08-31 13:29:56,"Pavan, 32 Gb USB 2.0 Sandisk Pendrive details shared by Alfa Enterprises, New Delhi","32 Gb USB 2.0 Sandisk Pendrive
Price:350 INR/Piece
https://www.indiamart.com/proddetail/32-gb-usb-2.0-sandisk-pendrive-2859525971673.html?utm_source=ANDROID_APP&amp;utm_campaign=product_share_lms",0,,92.0,95568576,seller
2442872646,3174835961,1,221101323,95568576,2026-08-31 11:48:36,Re: Enquiry for 32 Gb USB 2.0 Sandisk Pendrive from Pavan via IndiaMART,"Hi Razia, 60 Piece kitne ka hai?",-3,2026-08-31 13:29:11,5501.0,95568576,buyer
2443514509,3174939116,1,256580254,78653648,2026-08-31 16:02:24,"Re: Enquiry for Proximity Sensor, Read Switch SMT-8M-A-PS-24V-E-2,5-OE 574335 from Ratnakar via IndiaMART","Hi Keshav, is Proximity Sensor, Read Switch SMT-8M-A-PS-24V-E-2,5-OE 574335 available?",0,,5003.0,78653648,buyer
2445066204,3175202287,1,95568576,47204268,2026-09-01 15:41:35,"Utkarsh, product catalog shared for Sandisk 64 Gb Memory Card by Alfa Enterprises, New Delhi","Hi Utkarsh,

Thanks for your Enquiry to Alfa Enterprises, New Delhi.

Please find my catalog : https://www.indiamart.com/alfaenterprises-newdelhi-dl/samsung-memory-cards.html

Do you need Sandisk 64 Gb Memory Card?",-2,2026-09-01 16:56:48,3.0,95568576,seller
2445036301,3175262113,1,95568576,104300301,2026-09-01 15:29:08,"DAWOOD, product catalog shared for Sandisk Pendrive 16 Gb by Alfa Enterprises, New Delhi","Hi DAWOOD,

Thanks for your Enquiry to Alfa Enterprises, New Delhi.

Please find my catalog : https://www.indiamart.com/alfaenterprises-newdelhi-dl/pen-drive.html

Do you need Sandisk Pendrive 16 Gb?",0,,3.0,95568576,seller
2445426234,3175345487,1,95568576,98643612,2026-09-01 18:27:21,"Rishabh, product catalog shared for Sandisk Pen Drive 64 GB by Alfa Enterprises, New Delhi","Hi Rishabh,

Thanks for your Enquiry to Alfa Enterprises, New Delhi.

Please find my catalog : https://www.indiamart.com/alfaenterprises-newdelhi-dl/pen-drive.html

Do you need Sandisk Pen Drive 64 GB?",0,,3.0,95568576,seller
2447095245,3175742400,1,98308148,95568576,2026-09-02 19:46:51,Re: Enquiry for SanDisk Pendrive 256 Gb Usb 2.0 Cruzer Blade from Krishna via IndiaMART,Additional details from Buyer,-3,2026-09-03 02:04:23,6.0,95568576,buyer
2453024803,3176450179,1,274309813,70382549,2026-09-07 13:47:59,Re: Enquiry for Black Rubber Coupling from Arun via IndiaMART,"Additional details from Buyer
Coupling Model L-110
Probable Requirement Type Business Use",0,,,70382549,buyer
2450012765,3176464044,1,274313283,148480662,2026-09-04 22:03:01,Re: Enquiry for Flite71 Herbicide IIL from Kalaisevli via IndiaMART,"Additional details from Buyer
Packaging Size 100 Gm
Formulation Ammonium Salt Of Glyphosate 71 Sg",0,,,148480662,buyer
2451190259,3176713316,1,13836435,78653648,2026-09-05 18:03:33,Re: Enquiry for Hydac Preasure Switch EDS 8446-1-0100 from Dr via IndiaMART,"Additional details from Buyer
Probable Requirement Type Business Use",-3,2026-09-05 18:04:40,,78653648,buyer
2451542264,3176832102,1,267994240,243689317,2026-09-06 08:05:33,Re: Enquiry for Golf Silicone Toilet Brush from Karthy via IndiaMART,"Additional details from Buyer
Brush Type Handle Brush
Bristle Material Nylon",-3,2026-09-07 16:41:50,,243689317,buyer
2451844313,3176945579,1,262900119,95568576,2026-09-06 14:40:03,Re: Enquiry for Sandisk Pendrive 32 Gb from Tarun via IndiaMART,"Hlo 
mujhe Sandisk Pendrive 32GB 50+ pieces mein chahiye reselling ke liye. 
50+ pieces par per-piece rate kya hoga?
Yeh original Sandisk product hai ya OEM?
GST bill/invoice milega kya?
Warranty details kya hain?
Ghaziabad mai delivery available hai kya, aur shipping charges kitne honge?
Payment mode kya available hai (advance/COD/bank transfer)?
Stock kitne time mein ready ho jayega?&quot;**",-3,2026-09-06 15:39:37,5.0,95568576,buyer
2451859010,3176951695,1,77136645,95568576,2026-09-06 15:01:39,Re: Enquiry for Sandisk Pendrive 16 Gb from Uttam via IndiaMART,"Additional details from Buyer
Capacity 16 Gb
Usb Version Usb 2.0",-3,2026-09-06 15:41:46,,95568576,buyer
2451898346,3176955603,1,212985952,148480662,2026-09-06 15:59:53,Re: Enquiry for Sujala 19 19 19 Fertilizer from Rintu via IndiaMART,"Additional details from Buyer
NPK Ratio 19:19:19
Buyer Filled Details How many kilograms is a bag?",0,,,148480662,buyer
2452294724,3177139227,1,51776805,95568576,2026-09-07 09:34:57,Re: Enquiry for Sandisk 32 GB Pen Drive from Mohammad via IndiaMART,Gud morning plz give me a best price 32 and 64 gb version 2.0 and 3.0 thank you,-3,2026-09-07 11:23:33,5.0,95568576,buyer
2452540491,3177171949,1,79859904,85450501,2026-09-07 11:02:50,"Hi Vimal, , Fixed Tower Crane Tc 6552 ( 10 Tons) is Available with Jsk Enterprises. Respond Now!","Hi Vimal,

Thanks for your Enquiry to Jsk Enterprises, Noida.

Please find my catalog : https://www.indiamart.com/jsk-enterprises-noida/tower-crane.html

Do you need Fixed Tower Crane Tc 6552 ( 10 Tons)?",0,,3.0,79859904,seller
2452541973,3177171949,2,79859904,85450501,2026-09-07 11:03:19,"Hi Vimal, , Fixed Tower Crane Tc 6552 ( 10 Tons) is Available with Jsk Enterprises. Respond Now!","Yes, Fixed Tower Crane Tc 6552 ( 10 Tons) is available",0,,151.0,79859904,seller
2452955169,3177216251,1,249696266,26900399,2026-09-07 13:17:27,Re: Enquiry for Wooden Mandap Banquet Table from Patel via IndiaMART,Additional details from Buyer,0,,6.0,26900399,buyer
2453763685,3177354244,1,242130014,26900399,2026-09-07 19:06:49,Re: Enquiry for Wooden Mandap Banquet Table from Dhruvi via IndiaMART,Additional details from Buyer,0,,6.0,26900399,buyer
2454430136,3177537235,1,274465842,26900399,2026-09-08 12:01:09,Re: Enquiry for Wooden Mandap Banquet Table from VINOD via IndiaMART,"Hi Mohd, what is the price for 2 piece of Wooden Mandap Banquet Table?",-2,2026-09-08 14:42:59,5001.0,26900399,buyer
2457036269,3178075051,1,26103773,95568576,2026-09-09 20:06:31,Re: Enquiry for SanDisk Pendrive 256 Gb Usb 2.0 from Shreyans via IndiaMART,"Hi Razia, kitne ka hai?",-3,2026-09-09 23:21:59,5501.0,95568576,buyer
2457222004,3178137462,2,123460866,148480662,2026-09-10 08:03:34,"Akshay, 2 new messages for Sudarshan Insecticides Clear enquiry from Savej via IndiaMART","Additional details from Buyer
Packaging Size 1 Litre
Packaging Type Bottle",0,,,148480662,buyer
2457222003,3178137462,1,123460866,148480662,2026-09-10 08:03:34,"Akshay, 2 new messages for Sudarshan Insecticides Clear enquiry from Savej via IndiaMART","Additional details from Buyer
Packaging Size 1 Litre
Packaging Type Bottle",0,,,148480662,buyer
2458615355,3178416374,1,95568576,13657413,2026-09-10 20:37:15,"Deepak, product catalog shared for Sandisk 32gb USB Flash Drive by Alfa Enterprises, New Delhi","Hi Deepak,

Thanks for your Enquiry to Alfa Enterprises, New Delhi.

Please find my catalog : https://www.indiamart.com/alfaenterprises-newdelhi-dl/sandisk-pen-drives.html

Do you need Sandisk 32gb USB Flash Drive?",0,,3.0,95568576,seller
2460221718,3178572443,1,129677134,95568576,2026-09-12 07:12:40,Re: Enquiry for Sandisk Pendrive 16 Gb from Abhi via IndiaMART,"Additional details from Buyer
Quantity 1
Quantity Unit Piece
Capacity 256 GB
Storage Capacity 512 GB
USB Version 3.2
Body Material Metal
Probable Order Value Rs. 400 - 500",-3,2026-09-12 12:47:33,,95568576,buyer
2459372961,3178603635,1,87960835,70382549,2026-09-11 13:26:07,Re: Enquiry for Thermotech TIC 4000 TP Temperature Controller from Simpu via IndiaMART,we need 01 temperature controller model tic-4000 with sensor,0,,5.0,70382549,buyer
2460088479,3178720394,1,95568576,129607347,2026-09-11 20:38:12,"Master, product catalog shared for USB Pen Drive by Alfa Enterprises, New Delhi","Hi Master,

Thanks for your Enquiry to Alfa Enterprises, New Delhi.

Please find my catalog : https://www.indiamart.com/alfaenterprises-newdelhi-dl/sandisk-pen-drives.html

Do you need USB Pen Drive?",0,,3.0,95568576,seller
2461677194,3179106364,1,244942251,148480662,2026-09-12 21:24:39,Re: Enquiry for Neptune Battery Spray Pump from Rajat via IndiaMART,"नमस्कार सर,

मैं शाहजहाँपुर, उत्तर प्रदेश से एग्रो-कमर्शियल बिज़नेस से जुड़ा हुआ हूँ। मेरे पास क्षेत्र में रिटेलर्स, डीलर्स एवं बड़े एग्री-इनपुट खरीदारों का अच्छा नेटवर्क है और मैं bulk business को सीधे और व्यवस्थित तरीके से आगे बढ़ाने में सक्षम हूँ।

मैं आपकी कंपनी के साथ **Vendor / Channel Partner / Bulk Purchase Partner** के रूप में जुड़ना चाहता हूँ। मेरा उद्देश्य ऐप के माध्यम से छोटे-छोटे ऑर्डर करने के बजाय सीधे आपकी टीम के साथ coordination करके **bulk orders और regular business** generate करना है।

मेरे पास:
&bull; Shahjahanpur एवं आसपास के क्षेत्रों में Retailers और Dealers का नेटवर्क
&bull; Bulk requirement generate करने की क्षमता
&bull; Local market की अच्छी understanding
&bull; Regular और long-term business develop करने की क्षमता
&bull; आपके साथ direct coordination करके order और payment process को व्यवस्थित तरीके से handle करने की willingness

यदि आपकी कंपनी में **Channel Partner / Agro Commercial / Institutional Bulk Purchase** के लिए कोई अलग process, pricing structure या registration mechanism है, तो कृपया मुझे उसके बारे में guide करें।

मैं आपके साथ long-term business relationship बनाना चाहता हूँ और अपने existing network के माध्यम से आपकी company के products का business volume बढ़ाने में योगदान दे सकता हूँ।

कृपया इस proposal को आपकी **Senior Commercial Team / Business Head / Owner** तक forward करने की कृपा करें। यदि आवश्यक हो तो मैं अपनी market reach, retailer/dealer network और expected monthly business potential की detailed जानकारी भी share कर सकता हूँ।

धन्यवाद।

Regards,
Rahul Kumar Rajpoot]
Shahjahanpur, Uttar Pradesh
Agro Commercial / Channel Partner
[[phone]]",0,,5.0,148480662,buyer
2461733273,3179128503,1,274685550,26900399,2026-09-12 22:58:39,Re: Enquiry for Wooden Mandap Banquet Table from Malay via IndiaMART,[phone] Please call,-2,2026-09-12 23:44:09,5.0,26900399,buyer
2464679972,3179441658,1,11574612,274709825,2026-09-15 15:13:04,"Anilaxmi, you have received a response from Game Craft, Jodhpur","Hi Anilaxmi,

Your requirement for Claw Machine Toy Catcher Machine on IndiaMART has been received.

We attempted to reach you regarding your requirement, but were unable to connect. Please reach out to us or share suitable time to discuss",0,,121.0,11574612,seller
2464680726,3179441658,2,11574612,274709825,2026-09-15 15:13:24,"Anilaxmi, you have received a response from Game Craft, Jodhpur","Hi Anilaxmi, yes, Claw Machine Toy Catcher Machine is available",0,,151.0,11574612,seller
2464666531,3179492514,1,11574612,274714256,2026-09-15 15:07:08,"Sam, you have received a response from Game Craft, Jodhpur","Hi Sam,

Your requirement for Happy Moment Claw Crane Machine on IndiaMART has been received.

We attempted to reach you regarding your requirement, but were unable to connect. Please reach out to us or share suitable time to discuss",-3,2026-09-15 19:08:01,121.0,11574612,seller
2464675434,3179492514,2,11574612,274714256,2026-09-15 15:10:57,"Sam, you have received a response from Game Craft, Jodhpur",We are strat price 65k and above for claw machine share your requirements,-3,2026-09-15 19:08:01,5.0,11574612,seller
2466865782,3180395501,1,86440084,95568576,2026-09-16 22:59:29,Re: Enquiry for Sandisk Pendrive 32 Gb Usb 2.0 from Sahil via IndiaMART,"Hi Razia, 2 Piece kitne ka hai?",-3,2026-09-17 01:02:06,5501.0,95568576,buyer
2467118863,3180468094,1,274869571,147028331,2026-09-17 10:28:05,Re: Enquiry for Brass Tulsi Pot from Muskan via IndiaMART,"Additional details from Buyer
Quantity 11
Quantity Unit Piece
Height 6 inch
Color White
Probable Order Value Rs. 17,000 - 26,000",0,,,147028331,buyer
2467630739,3180534450,1,95568576,245161014,2026-09-17 14:15:59,"Shivangi, product catalog shared for SanDisk Micro Sd/sdhc 64gb Class 10 Memory Card by Alfa Enterprises, New Delhi","Hi Shivangi,

Thanks for your Enquiry to Alfa Enterprises, New Delhi.

Please find my catalog : https://www.indiamart.com/alfaenterprises-newdelhi-dl/samsung-memory-cards.html

Do you need SanDisk Micro Sd/sdhc 64gb Class 10 Memory Card?",0,,3.0,95568576,seller
2468917089,3180856863,1,274876160,11574612,2026-09-18 12:37:36,"Re: Export Enquiry for Jurassic Park Gun Shooting Arcade Machine from Oscar, China (Hong Kong S.A.R.) via IndiaMART","Hello, sir. We are a game machine manufacturer from China with a professional software development team and a production facility. Could I have your whatsapp number send you some product information? I hope you are doing well.",-3,2026-09-18 13:06:10,5.0,11574612,buyer
2469839145,3180856863,4,11574612,274876160,2026-09-18 22:56:52,Response for Jurassic Park Gun Shooting Arcade Machine requirement from Game Craft,"Hi Oscar, okay",0,,6070.0,11574612,seller
2469839189,3180856863,5,11574612,274876160,2026-09-18 22:57:00,Response for Jurassic Park Gun Shooting Arcade Machine requirement from Game Craft,"Hi Oscar, lets chat here only",0,,6106.0,11574612,seller
2469839408,3180856863,6,11574612,274876160,2026-09-18 22:57:42,Response for Jurassic Park Gun Shooting Arcade Machine requirement from Game Craft,[phone],0,,5.0,11574612,seller
2468984261,3180856863,2,11574612,274876160,2026-09-18 13:07:16,Response for Jurassic Park Gun Shooting Arcade Machine requirement from Game Craft,[phone],0,,5.0,11574612,seller
2468986650,3180856863,3,11574612,274876160,2026-09-18 13:08:23,Response for Jurassic Park Gun Shooting Arcade Machine requirement from Game Craft,"Hi Oscar, okay",0,,6070.0,11574612,seller
2470269597,3181164198,1,95568576,274985492,2026-09-19 11:33:45,"Pranit, you have received a response from Alfa Enterprises, New Delhi",[phone],0,,5.0,95568576,seller
2470270611,3181164198,2,95568576,274985492,2026-09-19 11:34:10,"Pranit, you have received a response from Alfa Enterprises, New Delhi",We have shared all the details in your whatapp from thia number,0,,5.0,95568576,seller
2471285739,3181338534,1,256086105,148480662,2026-09-19 19:38:10,Re: Enquiry for Hymark Battery Operated Knapsack Sprayer from Pavan via IndiaMART,"Additional details from Buyer
Tank Capacity 16 L
Capacity 16 Liters
Probable Requirement Type Business Use",0,,,148480662,buyer
2473401187,3181898989,1,148273576,26900399,2026-09-21 16:23:48,Re: Enquiry for Wooden Mandap Banquet Table from Akash via IndiaMART,"Additional details from Buyer
Quantity 25
Quantity Unit piece
Shape Rectangle
Size 7 x 1.5 ft
Probable Order Value Rs. 42,000 - 75,000
Probable Requirement Type Business Use",-3,2026-09-21 16:23:48,,26900399,buyer
2478530525,3182968340,1,79859904,275323642,2026-09-24 18:09:36,"Ok, product catalog shared for ACE Tower Crane by Jsk Enterprises, Noida","Hi Ok,

Thanks for your Enquiry to Jsk Enterprises, Noida.

Please find my catalog : https://www.indiamart.com/jsk-enterprises-noida/tower-crane-services.html

Do you need ACE Tower Crane?",0,,3.0,79859904,seller
2481945563,3183065137,2,227992744,4343609,2026-09-26 22:55:25,Re: Enquiry for Zolt Red Feather Shuttlecock from VINOD via IndiaMART,Additional details from Buyer,0,,6.0,4343609,buyer
2478758874,3183065137,1,4343609,227992744,2026-09-24 22:31:14,"VINOD, you have received a response from Hermes Sports, Meerut",What is the approximate price for this product?,-3,2026-09-25 07:12:27,800.0,4343609,seller
2481599561,3183618547,1,95568576,77676296,2026-09-26 17:41:53,"Ravi, product catalog shared for 32GB Memory Card by Alfa Enterprises, New Delhi","Hi Ravi,

Thanks for your Enquiry to Alfa Enterprises, New Delhi.

Please find my catalog : https://www.indiamart.com/alfaenterprises-newdelhi-dl/samsung-memory-cards.html

Do you need 32GB Memory Card?",0,,3.0,95568576,seller
2482222550,3183791765,1,272868928,4343609,2026-09-27 11:24:29,Re: Enquiry for Zolt Red Badminton Shuttlecock from Hr via IndiaMART,"Additional details from Buyer
Quantity 2
Quantity Unit Box
Material Duck Feather
Buyer Filled Details Zolt, Zolt
Probable Order Value Rs. Upto 1,000",-2,2026-09-28 14:00:25,,4343609,buyer
2483654917,3183791765,2,272868928,4343609,2026-09-28 13:38:41,Re: Enquiry for Zolt Red Badminton Shuttlecock from Hr via IndiaMART,Additional details from Buyer,-2,2026-09-28 14:00:25,6.0,4343609,buyer
2483558172,3184207242,2,146010610,67178577,2026-09-28 13:00:21,"Panini, you have received a response from KPR Tempo Services Packers And Movers, Prayagraj","Hi Panini, I am interested in your products. Kindly send your catalogue link.",-3,2026-09-28 13:00:53,30.0,146010610,seller
2483558198,3184207242,3,146010610,67178577,2026-09-28 13:00:22,"Panini, you have received a response from KPR Tempo Services Packers And Movers, Prayagraj","Hi Panini, I am interested in your products. Kindly send your catalogue link.",-3,2026-09-28 13:00:53,30.0,146010610,seller
2483553884,3184207242,1,67178577,146010610,2026-09-28 12:58:50,Re: Enquiry from Panini via IndiaMART,"Hi Kpr, kitne ka hai?",-3,2026-09-28 12:59:58,5501.0,146010610,buyer
2488211282,3184444244,1,210328454,4343609,2026-10-01 08:22:21,Re: Enquiry for Zolt Red Feather Shuttlecock from Ayan via IndiaMART,Additional details from Buyer,0,,6.0,4343609,buyer
2487378869,3184963747,1,187887068,205688552,2026-09-30 14:59:46,"Saurabh, you have received a response from Ziptron Enterprise, Surat","Hi Saurabh Rajput, I tried reaching you on call regarding my requirement but could not connect. Please call me back to get complete details.",-3,2026-10-01 20:32:15,30.0,187887068,seller
2489662071,3185413908,1,127795071,148480662,2026-10-01 18:58:41,Re: Enquiry for Rahul Manual Sprayer Pump from Nitesh via IndiaMART,"Additional details from Buyer
Operation Type Manual
Probable Requirement Type Business Use",0,,,148480662,buyer
2489352110,3185436448,1,162217541,26900399,2026-10-01 16:38:46,"Re: Enquiry for New Mild Steel Construction trolley, Load Capacity: 200kg from Shaikh via IndiaMART","Additional details from Buyer
Quantity 300
Quantity Unit Piece
Number of Wheels 1 Wheel
Load Capacity 200 kg
Probable Order Value Rs. 5 to 10 Lakh
Probable Requirement Type Business Use",-3,2026-10-01 22:41:46,,26900399,buyer
