click_to_call_id,fk_glusr_usr_id,fk_employeeid,module,status,call_start_time,call_duration,call_duration_customer,ring_duration
754652208,89915301,118495,MERP,Answered,2026-08-06 12:20:48,98,78.0,20.0
756376607,95568576,99447,DSR,Answered,2026-08-12 16:12:41,31,18.0,13.0
756502076,95568576,99447,DSR,NotAnswered,2026-08-13 10:24:31,32,0.0,32.0
756660915,95568576,99447,DSR,Answered,2026-08-13 13:37:43,75,63.0,12.0
756721916,95568576,112341,DSR,Answered,2026-08-13 16:10:28,35,23.0,12.0
756727111,95568576,112341,DSR,Answered,2026-08-13 16:13:51,466,459.0,7.0
759497742,94058105,124641,Tele-Dashboard,Answered,2026-08-24 18:45:47,26,6.0,20.0
760942811,96255123,105066,DSR,NotAnswered,2026-08-29 12:19:11,26,0.0,26.0
761251791,96255123,105066,DSR,Answered,2026-08-30 11:58:50,82,75.0,7.0
761253150,96255123,105066,DSR,Answered,2026-08-30 12:01:43,12,2.0,10.0
761253427,96255123,105066,DSR,Answered,2026-08-30 12:02:04,10,4.0,6.0
761300272,96255123,105066,DSR,NotAnswered,2026-08-30 13:20:08,22,0.0,22.0
761317177,96255123,56972,MERP,Answered,2026-08-30 14:14:13,53,27.0,26.0
761332254,96255123,56972,DSR,Answered,2026-08-30 15:02:38,197,188.0,9.0
761504228,94058105,124641,Tele-Dashboard,NotAnswered,2026-08-31 10:54:54,27,0.0,27.0
761636686,96255123,105066,DSR,Answered,2026-08-31 15:09:31,26,5.0,21.0
761658342,96255123,105066,DSR,NotAnswered,2026-08-31 15:48:26,20,0.0,20.0
761872830,94058105,124641,Tele-Dashboard,NotAnswered,2026-09-02 11:34:51,31,0.0,31.0
761950644,96255123,105066,DSR,Answered,2026-09-02 13:19:23,1503,1493.0,10.0
761955606,96255123,105066,DSR,Answered,2026-09-02 13:44:31,1064,1057.0,7.0
761914615,96255123,105066,DSR,Answered,2026-09-02 12:29:49,28,5.0,23.0
761978819,96255123,105066,DSR,NotAnswered,2026-09-02 15:14:48,25,0.0,25.0
761987432,79859904,114669,DSR,Answered,2026-09-02 15:29:42,225,206.0,19.0
761994545,96255123,105066,DSR,NotAnswered,2026-09-02 15:48:20,20,0.0,20.0
761996942,64004566,112659,DSR,NotAnswered,2026-09-02 15:53:06,34,0.0,34.0
762002162,79859904,114669,DSR,Answered,2026-09-02 16:04:34,31,20.0,11.0
762004773,79859904,114669,DSR,Answered,2026-09-02 16:05:18,329,317.0,12.0
762012644,96255123,105066,DSR,Answered,2026-09-02 16:21:02,436,423.0,13.0
762186801,96255123,105066,DSR,Answered,2026-09-03 11:32:38,91,77.0,14.0
762187165,96255123,105066,DSR,Answered,2026-09-03 11:34:14,20,6.0,14.0
762219109,64004566,112659,DSR,Answered,2026-09-03 12:16:39,62,43.0,19.0
762369038,96255123,105066,DSR,NotAnswered,2026-09-03 17:52:30,29,0.0,29.0
762563092,64004566,45808,DSR,NotAnswered,2026-09-04 13:30:34,34,0.0,34.0
762563481,64004566,45808,DSR,NotAnswered,2026-09-04 13:31:34,33,0.0,33.0
762574000,79859904,114669,DSR,Answered,2026-09-04 14:07:05,373,355.0,18.0
762608946,64004566,112659,DSR,Answered,2026-09-04 15:46:18,62,33.0,29.0
762638815,64004566,112659,DSR,Answered,2026-09-04 16:54:09,91,69.0,22.0
762659676,96255123,105066,DSR,Answered,2026-09-04 17:42:27,121,108.0,13.0
763214073,211860075,108203,MERP,Answered,2026-09-08 10:32:19,46,32.0,14.0
763303527,64004566,122733,DSR,NotAnswered,2026-09-08 11:57:21,33,0.0,33.0
764086330,96255123,125278,DSR,Answered,2026-09-08 17:17:37,188,174.0,14.0
763484086,64004566,112659,DSR,NotAnswered,2026-09-08 18:01:13,28,0.0,28.0
763691828,79859904,125393,DSR,NotAnswered,2026-09-09 13:10:22,33,0.0,33.0
763693364,79859904,125393,DSR,Answered,2026-09-09 13:12:16,98,89.0,9.0
763698952,96255123,106768,DSR,Answered,2026-09-09 13:25:36,40,9.0,23.0
763830950,64004566,122733,DSR,Answered,2026-09-09 18:18:41,37,15.0,22.0
763831479,64004566,122733,DSR,NotAnswered,2026-09-09 18:19:41,30,0.0,30.0
763831996,64004566,122733,DSR,NotAnswered,2026-09-09 18:20:26,33,0.0,33.0
763976713,64004566,122733,DSR,Answered,2026-09-10 11:47:21,31,15.0,16.0
763977540,64004566,122733,DSR,NotAnswered,2026-09-10 11:48:21,25,0.0,25.0
764074791,79859904,125393,DSR,Answered,2026-09-10 11:03:36,90,71.0,19.0
764181954,64004566,122733,DSR,NotAnswered,2026-09-10 18:25:04,33,0.0,33.0
764186973,79859904,125393,DSR,NotAnswered,2026-09-10 18:33:13,34,0.0,34.0
764225369,64004566,112659,DSR,NotAnswered,2026-09-11 10:11:19,32,0.0,32.0
764282207,64004566,122733,DSR,NotAnswered,2026-09-11 11:05:31,35,0.0,35.0
764420313,96255123,105066,DSR,Answered,2026-09-11 15:10:33,137,129.0,8.0
764441075,79859904,125393,DSR,Answered,2026-09-11 15:46:34,83,55.0,28.0
764472439,64004566,106768,DSR,NotAnswered,2026-09-11 16:57:27,46,,4.0
764479935,64004566,112659,DSR,NotAnswered,2026-09-11 17:04:33,34,0.0,34.0
764480261,64004566,112659,DSR,NotAnswered,2026-09-11 17:12:51,33,0.0,33.0
764493598,96255123,125278,DSR,NotAnswered,2026-09-11 17:36:45,18,0.0,18.0
764621091,79859904,125393,DSR,NotAnswered,2026-09-12 11:17:06,32,0.0,32.0
764733784,79859904,125393,DSR,NotAnswered,2026-09-12 16:37:43,36,0.0,36.0
764736915,96255123,125278,DSR,Answered,2026-09-12 16:47:24,105,88.0,17.0
764745650,64004566,122733,DSR,NotAnswered,2026-09-12 17:17:35,25,0.0,25.0
764822513,79859904,125393,DSR,Answered,2026-09-14 10:46:34,127,100.0,27.0
764921939,64004566,122733,DSR,NotAnswered,2026-09-14 13:11:51,30,0.0,30.0
764923997,79859904,125393,DSR,Answered,2026-09-14 13:15:34,63,34.0,29.0
764924845,79859904,125393,DSR,NotAnswered,2026-09-14 13:17:48,34,0.0,34.0
764939356,79859904,125393,DSR,Answered,2026-09-14 13:55:16,424,414.0,10.0
765006563,96255123,105066,DSR,Answered,2026-09-14 16:57:38,32,7.0,25.0
765027148,64004566,122733,DSR,Answered,2026-09-14 17:37:52,59,33.0,26.0
765052009,96255123,125278,DSR,Answered,2026-09-14 18:32:36,34,10.0,24.0
765069094,79859904,114753,DSR,Answered,2026-09-14 19:39:01,376,359.0,17.0
765100467,94058105,108569,DSR,NotAnswered,2026-09-15 10:31:00,35,0.0,35.0
765209818,79859904,125393,DSR,NotAnswered,2026-09-15 12:16:52,35,0.0,35.0
765221568,64004566,112659,DSR,NotAnswered,2026-09-15 12:40:38,26,0.0,26.0
765231477,79859904,125393,DSR,Answered,2026-09-15 12:56:31,75,45.0,30.0
765324152,64004566,112659,DSR,Answered,2026-09-15 16:27:30,70,49.0,21.0
765327333,96255123,105066,DSR,Answered,2026-09-15 16:34:02,68,53.0,15.0
765438976,64004566,122733,DSR,NotAnswered,2026-09-16 10:31:58,32,0.0,32.0
765556789,96255123,105066,DSR,NotAnswered,2026-09-16 12:35:01,28,0.0,28.0
765558989,96255123,105066,DSR,Answered,2026-09-16 12:38:31,26,18.0,8.0
765564229,96255123,105066,DSR,NotAnswered,2026-09-16 12:46:47,19,0.0,19.0
765566526,64004566,112659,DSR,NotAnswered,2026-09-16 12:50:13,34,0.0,34.0
765629565,64004566,112659,DSR,NotAnswered,2026-09-16 15:24:16,32,0.0,32.0
765633509,96255123,105066,DSR,Answered,2026-09-16 15:31:40,34,20.0,14.0
765635048,96255123,105066,DSR,Answered,2026-09-16 15:32:32,152,144.0,8.0
765962286,64004566,122733,DSR,NotAnswered,2026-09-17 14:57:08,27,0.0,27.0
765989447,96255123,105066,DSR,Answered,2026-09-17 15:48:50,51,40.0,11.0
765993077,79859904,114669,DSR,NotAnswered,2026-09-17 15:55:59,25,0.0,25.0
766012358,96255123,105066,DSR,Answered,2026-09-17 16:33:20,54,35.0,19.0
766013123,96255123,105066,DSR,NotAnswered,2026-09-17 16:35:27,31,0.0,31.0
766023766,64004566,106768,DSR,NotAnswered,2026-09-17 16:58:57,40,,11.0
766583533,64004566,106768,DSR,Answered,2026-09-19 13:25:26,74,40.0,27.0
766804254,64004566,112659,DSR,NotAnswered,2026-09-21 11:27:13,32,0.0,32.0
766805064,64004566,112659,DSR,NotAnswered,2026-09-21 11:27:59,32,0.0,32.0
766847587,64004566,112659,DSR,Answered,2026-09-21 11:57:45,1239,1226.0,13.0
766904626,79859904,114669,DSR,Answered,2026-09-21 13:53:53,1180,1165.0,15.0
767021457,96255123,105066,DSR,Answered,2026-09-21 18:02:18,61,51.0,10.0
767023904,96255123,105066,DSR,Answered,2026-09-21 18:06:36,45,30.0,15.0
767397555,94058105,108569,MERP,NotAnswered,2026-09-22 18:35:32,24,0.0,24.0
767445110,94058105,108569,MERP,NotAnswered,2026-09-23 10:05:46,3,0.0,3.0
767613204,96255123,125278,DSR,NotAnswered,2026-09-23 14:23:01,34,0.0,34.0
767946192,96255123,125278,DSR,Answered,2026-09-24 13:20:27,26,3.0,23.0
767955957,96255123,125278,DSR,Answered,2026-09-24 12:28:36,39,24.0,15.0
767860134,96255123,106768,DSR,Answered,2026-09-24 11:28:22,30,8.0,19.0
767859978,96255123,106768,DSR,NotAnswered,2026-09-24 11:28:13,7,,5.0
768212964,96255123,106768,DSR,Answered,2026-09-25 10:58:00,120,99.0,17.0
768257256,96255123,106768,DSR,Answered,2026-09-25 11:38:49,25,16.0,5.0
768254706,96255123,106768,DSR,Answered,2026-09-25 11:36:04,162,142.0,15.0
769079851,64004566,45808,DSR,Answered,2026-09-28 15:35:59,636,616.0,20.0
769145568,96255123,106768,DSR,Answered,2026-09-28 17:49:32,101,84.0,13.0
769287525,96255123,105066,DSR,Answered,2026-09-29 11:11:06,92,72.0,20.0
769342784,96255123,105066,DSR,Answered,2026-09-29 12:15:44,44,35.0,9.0
769344246,96255123,105066,DSR,Answered,2026-09-29 12:16:45,111,104.0,7.0
769387497,64004566,45808,DSR,Answered,2026-09-29 13:24:25,368,349.0,19.0
769487154,64004566,123933,DSR,Answered,2026-09-29 17:08:01,805,777.0,20.0
769724172,64004566,45808,DSR,NotAnswered,2026-09-30 12:49:39,33,0.0,33.0
769724585,64004566,45808,DSR,NotAnswered,2026-09-30 12:50:22,34,0.0,34.0
769831171,64004566,45808,DSR,NotAnswered,2026-09-30 16:45:43,34,0.0,34.0
769831845,64004566,45808,DSR,Answered,2026-09-30 16:46:30,82,52.0,30.0
