fk_glusr_usr_id,seller_city,seller_district,seller_state,seller_pincode,seller_locality,business_type,annual_turnover,nature_of_business,nature_of_business_secondary,gst_registration_year,top_category_1,top_category_2,top_category_3,top_parent_category,top_category_group,num_categories,eng_activity_30d,eng_answered_calls_90d,eng_call_attempts_90d,eng_call_attempts_1yr,eng_pickup_ratio_90d,eng_pickup_ratio_1yr,eng_long_calls_90d,eng_short_calls_90d,eng_callback_90d,eng_callback_1yr,eng_meetings_1yr,eng_hot_meetings_1yr,eng_enq_received_90d,eng_enq_received_1yr,eng_enq_replies_90d,eng_enq_replies_1yr,eng_pns_received_90d,eng_pns_received_1yr,eng_pns_answered_90d,eng_pns_answered_1yr,eng_ni_count_1yr,eng_np_count_1yr,eng_product_count,eng_products_modified_90d,eng_products_modified_1yr,eng_cqs,bot_attempts,bot_answered,calls_meeting_fixed,calls_not_interested,calls_general,calls_call_later,bot_answer_rate,avg_answered_call_sec,past_objections,past_questions_asked,asked_if_talking_to_bot,showed_frustration,past_dispositions_detailed,already_in_touch_with_executive,do_not_call_requested,company_name,customer_type,is_paid,listing_status,mobile_verified_flag,email_verified_flag,gst_verified_flag,gst_flag,is_pan_number_available,business_type_flag,visiting_card_flag
11574612,Jodhpur,Jodhpur,Rajasthan,342013.0,,Proprietorship,0 - 40 L,Trader - Retailer,"Retail Business,Wholesale Business,Supplier of Services",2023.0,Arcade Game,Claw Machine,Indoor Amusement Games,,"Sports Goods, Games, Toys & Accessories",15.0,4.0,0.0,7.0,28.0,0.0,0.0,0.0,0.0,,,,,,,,,,,,,,,15.0,0.0,15.0,16.0,5,2,0,0,0,2,0.4,62.0,,,,,,,,Game Craft,CATALOG,-1.0,LST,1,1,1,1,1,0,0
35178446,Sihor,Bhavnagar,Gujarat,364240.0,Ahmedabad Road,Proprietorship,40 L - 1.5 Cr,Manufacturer,"Factory / Manufacturing,Wholesale Business,Retail Business",2017.0,Commercial Reverse Osmosis System,Industrial Reverse Osmosis Plant,Reverse Osmosis Plants,Reverse Osmosis Plants,"Industrial Plants, Machinery & Equipment",4.0,5.0,1.0,2.0,2.0,50.0,50.0,0.0,1.0,,,,,,,,,,,,,,,9.0,0.0,6.0,28.0,2,1,0,0,1,0,0.5,67.0,,,,,,,,Aqua King Enterprise,vgFCP with PNS,0.0,LST,1,1,1,1,1,1,1
39067747,Ghaziabad,Ghaziabad,Uttar Pradesh,201007.0,,Proprietorship,1.5 - 5 Cr,Trader - Retailer,"Office / Sale Office,Wholesale Business,Factory / Manufacturing,Warehouse / Depot",2021.0,Athletics Equipment,Automotive Plastic Components,Gymnastics Equipment,,"Sports Goods, Games, Toys & Accessories",13.0,288.0,1.0,4.0,4.0,25.0,25.0,0.0,0.0,1.0,1.0,,,,,1.0,4.0,0.0,1.0,0.0,1.0,,,14.0,0.0,0.0,2.0,9,1,0,1,0,0,0.111,6.0,,,,,,,,Purvi Enterprises,qgFCPplus with PNS(R),0.0,LST,1,1,1,1,1,1,0
43232668,Moradabad,Moradabad,Uttar Pradesh,244001.0,,Proprietorship,40 L - 1.5 Cr,,"Retail Business,Wholesale Business",2023.0,Herbal Hair Colour,Homeopathic Drugs,Allergy Relief Tablets,Hair Color,"Cosmetics, Toiletries & Personal Care Products",31.0,,1.0,6.0,15.0,16.67,6.67,0.0,1.0,1.0,2.0,,,0.0,3.0,4.0,19.0,0.0,5.0,0.0,1.0,,,50.0,9.0,42.0,13.0,7,3,1,0,2,0,0.429,189.7,,,0.0,0.0,do_not_call (1),0.0,1.0,Vardhmaan Homoeo Pharmacy,vgFCPplus with PNS(R),0.0,LST,1,1,1,1,1,0,1
74672649,Kolkata,Kolkata,West Bengal,700007.0,,Proprietorship,0 - 40 L,Wholesaler/Distributor,"Retail Business,Wholesale Business,Import",2023.0,Beauty Cream,Beads,Chair,Skin Creams,"Cosmetics, Toiletries & Personal Care Products",20.0,61.0,1.0,1.0,1.0,100.0,100.0,0.0,0.0,,,,,,,1.0,1.0,,,,,,,6.0,6.0,6.0,30.0,1,1,0,1,0,0,1.0,58.0,,,,,,,,K R Impex,vgFCPplus with PNS,0.0,LST,1,1,1,1,1,0,0
78653648,Greater Noida,Greater Noida,Uttar Pradesh,201306.0,Greater Noida West,Proprietorship,0 - 40 L,Service Provider and Others,"Retail Business,Wholesale Business,Supplier of Services",2022.0,Bladder Accumulators,DC Power Supply,Digital Pressure Gauge,Hydraulic Accumulator,"Industrial Plants, Machinery & Equipment",52.0,112.0,1.0,9.0,33.0,11.11,3.03,0.0,1.0,1.0,1.0,1.0,1.0,40.0,131.0,12.0,74.0,38.0,130.0,22.0,76.0,2.0,0.0,81.0,3.0,33.0,59.0,14,9,0,6,2,1,0.643,52.1,,,0.0,0.0,not_interested (2); call_dropped (1),0.0,0.0,Kkaz Engineering Services,vgFCPplus with PNS(G),0.0,LST,1,1,1,1,1,1,1
81597751,Pune,Pune,Maharashtra,411048.0,pune,Proprietorship,0 - 40 L,Service Provider and Others,"Supplier of Services,Works Contract",2021.0,Industrial Chillers,Industrial Water Chiller,Oil Chiller,Chillers,Electrical Equipment and Supplies,6.0,,,,,,,,,,,,,,,,,,,,,,,,,,,1,0,0,0,0,0,0.0,,,,,,,,,Coolcare Refrigeration And Air Conditioning,vgFCPplus with PNS,0.0,TFL,1,1,1,1,1,0,0
90387690,Baddi,Solan,Himachal Pradesh,173205.0,,Proprietorship,40 L - 1.5 Cr,Retailer,Retail Business,2022.0,A4 Size Paper,Casio Calculators,Hardware Accessories,,Stationery and Paper Products,7.0,74.0,0.0,1.0,1.0,0.0,0.0,0.0,0.0,,,,,,,,,,,,,,,9.0,9.0,9.0,8.0,1,1,0,1,0,0,1.0,23.0,,,,,,,,Sangam Enterprises,vgFCPplus with PNS,0.0,LST,1,1,1,1,1,0,1
94058105,New Delhi,Delhi,Delhi,110006.0,,Proprietorship,1.5 - 5 Cr,Trader - Wholesaler/Distributor,"Retail Business,Wholesale Business,Others",2017.0,Puja Accessories,Sandalwood Powder,Attar,Pooja Articles,"Housewares, Home Appliances, Household Decorations & Consumables",16.0,60.0,6.0,10.0,17.0,60.0,35.29,0.0,0.0,,,,,1.0,4.0,4.0,4.0,0.0,2.0,0.0,0.0,,,35.0,7.0,7.0,10.0,1,1,0,1,0,0,1.0,15.0,,,,,,,,Namisha Trading Company,vgFCPplus with PNS(R),0.0,LST,1,1,1,1,1,1,1
125787358,Jaipur,Jaipur,Rajasthan,302026.0,,Proprietorship,,Trader - Wholesaler/Distributor,"Retail Business,Wholesale Business",2026.0,Blackout Fabric,Cambric Cotton Fabric,Cotton Dress Material,Curtain Fabrics,"Textiles, Yarn, Fabrics & Allied Industries",9.0,,1.0,4.0,13.0,25.0,7.69,0.0,1.0,,,,,1.0,1.0,1.0,1.0,,,,,2.0,0.0,25.0,17.0,24.0,50.0,2,2,0,0,2,0,1.0,43.0,,,0.0,0.0,already_in_touch_with_im (1),1.0,0.0,Gangouri Creation,vgFCPplus with PNS,0.0,LST,1,1,1,1,1,0,1
138893458,Mathura,Mathura,Uttar Pradesh,281001.0,,Proprietorship,1.5 - 5 Cr,,Retail Business,2017.0,Automotive Rubber Components,Bike Piston Kit,Car Clutch & Pressure Plate,Automotive Components,"Automobiles, Spare Parts and Accessories",15.0,105.0,4.0,9.0,9.0,44.44,44.44,1.0,3.0,,,,,1.0,1.0,,,1.0,1.0,1.0,1.0,,,3.0,3.0,3.0,6.0,2,2,1,1,0,0,1.0,56.5,,,0.0,0.0,not_interested (1),0.0,0.0,Durga Auto Traders,vgFCPplus with PNS,0.0,LST,1,1,1,1,1,0,1
248930282,Jaipur,Jaipur,Rajasthan,302029.0,,Proprietorship,40 L - 1.5 Cr,Trader - Wholesaler/Distributor,"Factory / Manufacturing,Retail Business,Wholesale Business",2017.0,Cotton Fabric,Hand Block Printed Fabric,Printed Cotton Fabric,Cotton Textile,"Apparel, Clothing & Garments",3.0,,,,,,,,,,,,,,,,,,,,,,,,,,,2,1,0,0,1,0,0.5,52.0,,,,,,,,Lata Enterprises,vgFCPplus with PNS,0.0,LST,1,1,1,1,1,0,0
266709159,Kolkata,Kolkata,West Bengal,700001.0,,Partnership,40 L - 1.5 Cr,Trader - Wholesaler/Distributor,"Wholesale Business,Supplier of Services,Retail Business,Warehouse / Depot",2025.0,Artificial Flowers,Artificial Rose,Artificial Trees,,"Housewares, Home Appliances, Household Decorations & Consumables",4.0,40.0,0.0,4.0,8.0,0.0,0.0,0.0,0.0,,,,,,,,,,,,,,,20.0,10.0,20.0,14.0,4,3,0,1,0,2,0.75,50.0,,,,,,,,Interiors And Flowers LLP,FREELIST,0.0,TFL,1,1,1,1,1,0,0
269199949,Mumbai,Mumbai,Maharashtra,400002.0,,Proprietorship,40 L - 1.5 Cr,Trader - Wholesaler/Distributor,Wholesale Business,2019.0,Cotton Fabric,Cotton Kurti Fabric,Dress Material,Cotton Textile,"Apparel, Clothing & Garments",7.0,94.0,0.0,2.0,2.0,0.0,0.0,0.0,0.0,,,,,,,,,,,,,,,,,,,1,1,0,0,1,0,1.0,153.0,,,,,,,,Maa Mumbadevi Creations,gFCP,0.0,TFL,1,0,1,1,1,0,0
2749178,Ahmedabad,Ahmedabad,Gujarat,380023.0,Amraiwadi,Proprietorship,40 L - 1.5 Cr,,"Factory / Manufacturing,Supplier of Services,Retail Business,Warehouse / Depot,Recipient of Goods or Services,Office / Sale Office",2018.0,Chimney Erection Services,Crane Rental,Hydra Crane Rental Service,Plant & Equipment Erection Services,"Industrial & Engineering Services, Solutions & Consultancy",12.0,,0.0,19.0,19.0,0.0,0.0,0.0,0.0,4.0,4.0,,,2.0,4.0,,,0.0,3.0,0.0,3.0,,,21.0,0.0,1.0,20.0,8,6,0,6,0,0,0.75,30.0,,,0.0,0.0,not_interested (2); call_dropped (1),0.0,0.0,Ashok Enterprise,vgFCPplus with PNS(R),0.0,LST,1,1,1,1,1,0,1
7482803,Muzaffarnagar,Muzaffarnagar,Uttar Pradesh,251002.0,Industrial Area,Proprietorship,5 - 25 Cr,Trader - Wholesaler/Distributor,"Wholesale Business,Works Contract,Retail Business,Warehouse / Depot",2017.0,Refractory Castables,Aluminum Coils,Asbestos Cement Sheet,,"Metals, Minerals, Ores & Alloys",13.0,,0.0,1.0,6.0,0.0,0.0,0.0,0.0,,,,,1.0,13.0,,,3.0,14.0,3.0,9.0,3.0,0.0,20.0,0.0,1.0,5.0,1,1,0,0,1,0,1.0,22.0,,,,,,,,Mittal Refractories,vgFCPplus with PNS(G),0.0,LST,1,1,1,1,1,1,0
23139369,Kota,Kota,Rajasthan,324005.0,,Proprietorship,0 - 40 L,Service Provider and Others,"Supplier of Services,Retail Business,Wholesale Business",2022.0,Anti Termite Soil Treatment,Mosquito Repellent,Mosquitoes Control Services,Porous Pipe,"Fertilizers, Seeds, Plants, Agro Machines & Tools, Poultry & Animal Husbandry",8.0,,0.0,3.0,7.0,0.0,0.0,0.0,0.0,1.0,3.0,,,0.0,1.0,1.0,2.0,1.0,7.0,1.0,3.0,,,21.0,1.0,12.0,26.0,3,3,0,1,0,2,1.0,30.0,,,,,,,,Laxmi Pest Control Service,vgFCPplus with PNS(G),0.0,LST,1,1,1,1,1,0,1
29384871,Nagpur,Nagpur,Maharashtra,440023.0,Wadi,Proprietorship,0 - 40 L,Retailer,"Retail Business,Wholesale Business",2017.0,Air Bubble Roll,Bubble Wrap,A4 Size Paper,Protective Packaging,"Packaging Material, Supplies & Machines",42.0,,0.0,5.0,21.0,0.0,0.0,0.0,0.0,,,,,1.0,13.0,0.0,4.0,2.0,30.0,2.0,27.0,1.0,0.0,84.0,2.0,25.0,16.0,1,1,0,1,0,0,1.0,15.0,,,,,,,,Ashish Enterprises,vgFCPplus with PNS(G),0.0,LST,1,1,1,1,1,1,1
41440640,Mumbai,Mumbai,Maharashtra,400053.0,,Partnership,5 - 25 Cr,Trader - Wholesaler/Distributor,"Retail Business,Warehouse / Depot",2025.0,Art Paper,Century Green A4 Size Paper,Copier Paper,,Stationery and Paper Products,9.0,,,,,,,,,,,,,,,,,,,,,,,,,,,3,2,0,1,1,0,0.667,35.0,,,,,,,,Sri Paper Traders LLP,vgFCPplus with PNS,0.0,LST,1,1,1,1,1,0,0
58553032,Pune,Pune,Maharashtra,411057.0,,Partnership,40 L - 1.5 Cr,Retailer,Supplier of Services,2020.0,Audi Used Car,Electric Golf Cart,Golf Cart,Second Hand Cars,Used & Refurbished Products & Equipment,5.0,,0.0,2.0,14.0,0.0,0.0,0.0,0.0,,,,,2.0,23.0,0.0,3.0,4.0,5.0,1.0,2.0,,,13.0,8.0,8.0,11.0,1,1,0,0,1,0,1.0,52.0,,,,,,,,The Autocops,vgFCPplus with PNS(G),0.0,TFL,1,1,1,1,1,0,0
72293913,Gorakhpur,Gorakhpur,Uttar Pradesh,273001.0,infront of ambika marriage house,Proprietorship,0 - 40 L,Retailer,"Retail Business,Warehouse / Depot",2017.0,Crystal Chandelier,Bathroom Lighting,Bracket Light,Chandeliers,Consumer Electronics &  Household Appliances,52.0,,0.0,5.0,36.0,0.0,0.0,0.0,0.0,,,,,0.0,3.0,0.0,29.0,0.0,1.0,0.0,1.0,,,145.0,9.0,73.0,12.0,4,3,1,2,0,0,0.75,24.3,,,0.0,0.0,call_dropped (2),0.0,0.0,Kanpur Bijliwala,vgFCP with PNS,0.0,LST,1,1,1,1,1,1,0
94579284,Rajkot,Rajkot,Gujarat,360002.0,,Proprietorship,0 - 40 L,Service Provider and Others,"Supplier of Services,Retail Business,Wholesale Business",2022.0,Biomass Briquettes,Biomass Pellet,Biomass Wood Pellet,,"Metals, Minerals, Ores & Alloys",13.0,,0.0,24.0,65.0,0.0,0.0,0.0,0.0,1.0,9.0,,,0.0,1.0,3.0,19.0,0.0,1.0,0.0,1.0,,,26.0,0.0,9.0,16.0,20,19,1,9,6,3,0.95,24.1,,,0.0,0.0,call_dropped (7); wrong_number (4); not_interested (2),0.0,1.0,Khodal Industries,vgFCPplus with PNS,0.0,TFL,1,1,1,1,1,1,1
95568576,New Delhi,Delhi,Delhi,110075.0,,Proprietorship,0 - 40 L,Trader - Retailer,"Retail Business,Office / Sale Office,Wholesale Business",2023.0,Compact Flash Card,HP Pen Drive,Memory Cards,Multimedia Memory Card,Consumer Electronics &  Household Appliances,13.0,,0.0,6.0,6.0,0.0,0.0,0.0,0.0,,,,,4.0,4.0,2.0,2.0,2.0,2.0,0.0,0.0,,,148.0,148.0,148.0,86.0,6,5,1,3,0,1,0.833,41.0,,,0.0,0.0,call_dropped (1); meeting_fixed (1),0.0,0.0,Alfa Enterprises,CATALOG,-1.0,TFL,1,1,1,1,1,0,0
147028331,Hathras,Hathras,Uttar Pradesh,204101.0,nayee ka nagla,Proprietorship,0 - 40 L,Manufacturer,"Factory / Manufacturing,Wholesale Business",2018.0,Brass Urli,Pooja Thali,Tulsi Pot,Brass Crafts,"Gifts, Crafts, Antiques & Handmade Decoratives",7.0,,0.0,5.0,25.0,0.0,0.0,0.0,0.0,4.0,4.0,,,2.0,5.0,9.0,9.0,0.0,2.0,0.0,0.0,,,48.0,3.0,4.0,31.0,5,5,1,2,1,1,1.0,65.2,,,0.0,0.0,meeting_fixed (1),0.0,0.0,Bharat Handicraft,vgFCPplus with PNS(R),0.0,LST,1,1,1,1,1,1,0
180758079,Kolkata,Kolkata,West Bengal,700001.0,,Proprietorship,5 - 25 Cr,Trader - Retailer,"Retail Business, Warehouse / Depot, Office / Sale Office",2017.0,Bearings,Calcium Carbide Stone,Hammers,,Mechanical Components & Parts,6.0,,,,,,,,,,,,,,,,,,,,,,,,,,,1,0,0,0,0,0,0.0,,,,,,,,,Mayank Stores Agency,qgFCPplus with PNS(R),0.0,LST,1,1,1,1,1,1,1
243689317,Surat,Surat,Gujarat,394185.0,,Proprietorship,0 - 40 L,,Retail Business,2025.0,Motivational Water Bottle,Toilet Brushes,Water Bottle,Water Bottle,"Kitchen Containers, Utensils, Stove, Cookware, Tableware and Food Choppers",9.0,,3.0,7.0,7.0,42.86,42.86,1.0,2.0,1.0,3.0,,,2.0,2.0,1.0,5.0,2.0,2.0,1.0,1.0,,,12.0,12.0,12.0,75.0,2,2,0,1,1,0,1.0,28.0,,,,,,,,Maruti Enterprise,vgFCPplus with PNS,0.0,LST,1,1,1,1,1,0,0
266785057,Meerut,Meerut,Uttar Pradesh,250004.0,,Limited Company,0 - 40 L,Manufacturer,Factory / Manufacturing,2025.0,Raw Sugar,Makhana,Organic Jaggery Powder,Sugar,"Vegetables, Fruits, Grains, Dairy Products & Other FMCG and Grocery Items",6.0,,0.0,7.0,27.0,0.0,0.0,0.0,0.0,,,,,,,,,,,,,,,7.0,0.0,7.0,19.0,6,0,0,0,0,0,0.0,,,,,,,,,Desh Ki Maati Private Limited,vgFCPplus with PNS,0.0,LST,1,1,1,1,1,0,0
270751783,Ahmedabad,Ahmedabad,Gujarat,380023.0,,Proprietorship,,Service Provider and Others,"Office / Sale Office,Supplier of Services",2026.0,B2B Portal Services,Leads Management Services,Whatsapp API,Web Portal Development Service,Information Technology and Telecommunication Services,3.0,,0.0,4.0,4.0,0.0,0.0,0.0,0.0,,,,,,,,,,,,,,,6.0,6.0,6.0,10.0,6,4,0,4,0,0,0.667,19.2,,,0.0,0.0,call_dropped (2); callback_requested (1),0.0,0.0,Jaitra Digital Solution,vgFCPplus with PNS,0.0,LST,1,1,1,1,1,0,0
682581,Surat,Surat,Gujarat,395004.0,"Gotalawadi,",Partnership,0 - 40 L,Retailer,"Retail Business,Wholesale Business",2017.0,Electronic Starter,Single Phase Motor Starter,Single Phase Preventer,Starters,Electrical Equipment and Supplies,12.0,,,,,,,,,,,,,2.0,27.0,0.0,9.0,7.0,19.0,5.0,14.0,,,,,,,6,0,0,0,0,0,0.0,,,,,,,,,Advance Electro Controls,vgFCPplus with PNS(G),0.0,LST,1,1,1,1,1,0,1
13648325,Ahmedabad,Ahmedabad,Gujarat,382345.0,Naroda Road,Proprietorship,5 - 25 Cr,Wholesaler/Distributor,"Retail Business,Factory / Manufacturing,Wholesale Business",2017.0,Metal Bushes,Alloy Steel Bars,Alloy Steel Rod,Bushings,Mechanical Components & Parts,13.0,,0.0,12.0,36.0,0.0,0.0,0.0,0.0,2.0,2.0,,,2.0,4.0,,,2.0,2.0,2.0,2.0,2.0,0.0,24.0,9.0,10.0,21.0,10,5,0,3,2,0,0.5,21.0,,,0.0,0.0,call_dropped (3),0.0,0.0,Hariom Steel And Engineers,vgFCPplus with PNS(G),0.0,LST,1,1,1,1,1,1,1
75623573,Kanpur,Kanpur,Uttar Pradesh,208017.0,,Proprietorship,1.5 - 5 Cr,,Retail Business,2017.0,Detergent Powder,Washing Machine Stand,Aromatic Incense Sticks,Detergent,"Cosmetics, Toiletries & Personal Care Products",6.0,,,,,,,,,,,,,,,,,,,,,,,,,,,6,1,0,1,0,0,0.167,2.0,,,0.0,0.0,call_dropped (1),0.0,0.0,Om Traders,vgFCP with PNS(R),0.0,LST,1,1,1,1,1,1,0
96255123,Kolhapur,Kolhapur,Maharashtra,416119.0,,Proprietorship,0 - 40 L,Trader - Wholesaler/Distributor,"Retail Business,Wholesale Business,Factory / Manufacturing",2021.0,Men Cotton Kurta Pajama,Men Kurta Pajama,Kids Kurta Pyjama,Kurtas & Kurta Sets,"Apparel, Clothing & Garments",8.0,,1.0,2.0,22.0,50.0,4.55,1.0,0.0,,,,,,,,,,,,,,,17.0,0.0,1.0,1.0,1,1,1,0,0,0,1.0,77.0,,,0.0,0.0,meeting_fixed (1),0.0,0.0,KK Sons & Co.,CATALOG,-1.0,TFL,1,1,1,1,1,0,0
108829176,New Delhi,Delhi,Delhi,110003.0,,Proprietorship,0 - 40 L,Trader - Retailer,"Retail Business,Warehouse / Depot",2023.0,Aluminum Cookware,Stainless Steel Kitchenware,Terracotta Kitchenware,Cookware,"Kitchen Containers, Utensils, Stove, Cookware, Tableware and Food Choppers",3.0,,0.0,3.0,31.0,0.0,0.0,0.0,0.0,8.0,9.0,,,,,47.0,81.0,,,,,,,4.0,0.0,4.0,3.0,2,2,0,1,1,0,1.0,10.0,,,0.0,0.0,call_dropped (2),0.0,0.0,Neha Enterprises,gFCP,0.0,TFL,1,0,1,1,1,0,0
120472012,Mumbai,Mumbai,Maharashtra,400067.0,"C.j.apartment, Shantilal Modi Road",Proprietorship,0 - 40 L,Trader - Wholesaler/Distributor,"Import,Export,Office / Sale Office,Wholesale Business,Supplier of Services",2020.0,Cotton Shirting Fabric,Designer Fabric,Linen Fabrics,Suiting and Shirting Fabric,"Apparel, Clothing & Garments",4.0,,,,,,,,,,,,,,,,,,,,,,,,,,,5,0,0,0,0,0,0.0,,,,,,,,,Shree Krishna Exports,vgFCPplus with PNS,0.0,TFL,1,1,1,1,1,1,0
137941261,Patna,Patna,Bihar,800007.0,,Proprietorship,0 - 40 L,Service Provider and Others,Others,2017.0,Part Truck Load Transport Service,Transportation Services,Full Truck Load Transport Service,Transportation Services,"Packers & Movers, Clearing Agents & Logistic Services",6.0,,,,,,,,,,,,,,,,,,,,,,,,,,,1,1,0,1,0,0,1.0,24.0,,,0.0,0.0,call_dropped (1),0.0,0.0,Maa Kali Roadways,gFCP,0.0,LST,1,0,1,1,1,1,0
187887068,Surat,Surat,Gujarat,395023.0,BHESTAN,Proprietorship,,Trader - Retailer,"Office / Sale Office,Retail Business",2026.0,Zippers,CFC Zipper,Metal Zippers,,"Fashion & Garment Accessories for Men, Women & Kids",5.0,,1.0,19.0,19.0,5.26,5.26,0.0,1.0,1.0,1.0,,,1.0,1.0,1.0,1.0,1.0,1.0,1.0,1.0,1.0,0.0,6.0,6.0,6.0,20.0,5,5,0,1,4,0,1.0,21.2,,,0.0,0.0,call_dropped (4),0.0,0.0,Ziptron Enterprise,vgFCPplus with PNS,0.0,LST,1,1,1,1,1,0,0
271092163,New Delhi,Delhi,Delhi,110039.0,,Proprietorship,0 - 40 L,Manufacturer,"Factory / Manufacturing,Wholesale Business,Office / Sale Office",2025.0,Air Freshener Gel,Air Fresheners,Car Air Freshener,Air Fresheners,"Cosmetics, Toiletries & Personal Care Products",4.0,,1.0,4.0,4.0,25.0,25.0,0.0,1.0,,,,,,,,,,,,,,,3.0,3.0,3.0,7.0,2,2,1,1,0,0,1.0,85.5,,,0.0,0.0,meeting_fixed (1); not_interested (1),0.0,0.0,Delight Industries,qgFCPplus with PNS,0.0,TFL,1,1,1,1,1,0,0
2634887,New Delhi,Delhi,Delhi,110031.0,Gandhi Nagar,Proprietorship,40 L - 1.5 Cr,Trader - Retailer,"Retail Business,Wholesale Business,Factory / Manufacturing",2017.0,Non Woven Fabric,Cotton Fabric,Cotton Textile,,"Textiles, Yarn, Fabrics & Allied Industries",7.0,,2.0,21.0,24.0,9.52,8.33,0.0,2.0,,,2.0,2.0,,,,,,,,,2.0,0.0,12.0,4.0,11.0,15.0,4,1,0,0,1,0,0.25,2.0,,,0.0,0.0,call_dropped (1),0.0,0.0,Little Angels,vgFCPplus with PNS,0.0,LST,1,1,1,1,1,0,1
26900399,Mumbai,Mumbai,Maharashtra,400086.0,Sakinaka,Proprietorship,0 - 40 L,Manufacturer,"Factory / Manufacturing,Wholesale Business",2018.0,Acrylic Chair,Banquet Tables,Folding Banquet Table,Acrylic Furniture,"Furniture, Furniture Supplies & Furniture Hardware",36.0,,2.0,15.0,31.0,13.33,6.45,2.0,0.0,18.0,29.0,,,48.0,122.0,1.0,1.0,42.0,124.0,33.0,86.0,,,65.0,5.0,15.0,39.0,9,9,0,2,7,0,1.0,6.0,,,0.0,0.0,call_dropped (6),0.0,0.0,Mohamed Engineering Works,vgFCPplus with PNS(G),0.0,LST,1,1,1,1,1,1,1
29265692,Howrah,Howrah,West Bengal,711112.0,,Proprietorship,0 - 40 L,Manufacturer,"Office / Sale Office,Factory / Manufacturing,Retail Business",2017.0,Industrial Motors,Oil Free Portable Compressor,Paint Spray Gun,,Electrical Equipment and Supplies,5.0,,2.0,8.0,10.0,25.0,20.0,0.0,2.0,,,,,,,,,0.0,2.0,0.0,1.0,,,3.0,0.0,0.0,30.0,1,1,0,1,0,0,1.0,29.0,,,0.0,0.0,callback_requested (1),0.0,0.0,Special Technique,vgFCPplus with PNS,0.0,LST,1,1,1,1,1,1,0
64004566,Ludhiana,Ludhiana,Punjab,141008.0,,Proprietorship,40 L - 1.5 Cr,Manufacturer,Factory / Manufacturing,2017.0,Cardigan,Ladies Cardigan,Ladies Sweater,,"Apparel, Clothing & Garments",9.0,,,,,,,,,,,,,,,,,,,,,,,4.0,4.0,4.0,,1,0,0,0,0,0,0.0,,,,,,,,,S.H. Baweja Knitwears,CATALOG,-1.0,TFL,1,1,1,1,1,0,0
66179566,Agra,Agra,Uttar Pradesh,282007.0,near BEST PRICE,Proprietorship,0 - 40 L,,"Factory / Manufacturing,Retail Business",2022.0,Air Impact Wrench,Automatic Car Washing Machine,Hydraulic Washing Lift,Impact Wrench,"Tools, Machine Tools, Power Tools & Hand Tools",3.0,,,,,,,,,,,,,1.0,3.0,,,1.0,4.0,1.0,3.0,3.0,0.0,3.0,0.0,0.0,43.0,1,1,0,1,0,0,1.0,14.0,,,0.0,0.0,call_dropped (1),0.0,0.0,Alvus International,vgFCPplus with PNS,0.0,LST,1,1,1,1,1,0,0
79859904,Noida,Greater Noida,Uttar Pradesh,201307.0,,Proprietorship,0 - 40 L,Service Provider and Others,"Supplier of Services,Recipient of Goods or Services,Works Contract,Retail Business",2023.0,ACE Tower Crane,Anti Smog Gun,Bar Bending Machine,Tower Crane,"Building Construction Material, Equipment, Civil Engineering and Real Estate",14.0,,2.0,26.0,51.0,7.69,3.92,0.0,2.0,,,,,0.0,1.0,1.0,6.0,,,,,,,10.0,0.0,2.0,15.0,4,2,1,0,1,0,0.5,34.5,,,0.0,0.0,meeting_fixed (1); call_dropped (1),0.0,0.0,Jsk Enterprises,CATALOG,-1.0,LST,1,1,1,1,1,0,1
83816210,Greater Noida,Greater Noida,Uttar Pradesh,201310.0,Chi Iv,Proprietorship,0 - 40 L,Manufacturer,"Retail Business,Supplier of Services,Wholesale Business",2025.0,Bed Mattress,Pillows,Double Bed Mattress,,Home Furnishings and Home Textiles,8.0,,1.0,3.0,34.0,33.33,2.94,0.0,1.0,,,,,,,,,,,,,,,21.0,0.0,13.0,31.0,1,1,1,0,0,0,1.0,57.0,,,0.0,0.0,meeting_fixed (1),0.0,0.0,Ganga Innovation & Comfort,gFCP,0.0,LST,1,1,1,1,1,0,0
89915301,Vapi,Valsad,Gujarat,396191.0,,Proprietorship,0 - 40 L,Trader - Retailer,Retail Business,2020.0,Broomsticks,Floor Broom,,Broom Raw Material,"Housewares, Home Appliances, Household Decorations & Consumables",2.0,,3.0,8.0,8.0,37.5,37.5,0.0,3.0,,,,,,,,,,,,,,,3.0,3.0,3.0,,1,1,1,0,0,0,1.0,69.0,,,0.0,0.0,meeting_fixed (1),0.0,0.0,S K Enterprise,vgFCP with PNS,0.0,LST,1,1,1,1,1,0,0
108096179,Howrah,Howrah,West Bengal,711101.0,,Proprietorship,0 - 40 L,Manufacturer,"Factory / Manufacturing,Supplier of Services",2023.0,Industrial Nozzles,Metal Machined Parts,Mild Steel,,"Industrial & Engineering Products, Spares and Supplies",25.0,,,,,,,,,0.0,1.0,,,0.0,19.0,,,0.0,3.0,0.0,0.0,,,47.0,2.0,17.0,19.0,1,1,0,1,0,0,1.0,23.0,,,0.0,0.0,call_dropped (1),0.0,0.0,Anjily Majhi Engineering Works,vgFCPplus with PNS(R),0.0,LST,1,1,1,1,1,0,1
148480662,Gurugram,Gurugram,Haryana,122018.0,Haryana,Limited Company,0 - 40 L,Service Provider and Others,"Recipient of Goods or Services,Wholesale Business,Office / Sale Office,Supplier of Services,Retail Business,Warehouse / Depot",2020.0,Battery Powered Knapsack Sprayer,Battery Spray Pump,Fumigant,Disinfectant Sprayers,"Fertilizers, Seeds, Plants, Agro Machines & Tools, Poultry & Animal Husbandry",27.0,,1.0,23.0,34.0,4.35,2.94,0.0,1.0,1.0,1.0,,,72.0,235.0,48.0,48.0,0.0,26.0,0.0,4.0,,,106.0,12.0,34.0,34.0,13,8,0,2,2,4,0.615,11.8,,,0.0,0.0,call_dropped (4); wrong_number (3); callback_requested (1),0.0,0.0,Agrim Wholesale Private Limited,vgFCPplus with PNS(R),0.0,LST,1,1,1,1,1,1,0
217760886,Hyderabad,Hyderabad,Telangana,500065.0,,Proprietorship,0 - 40 L,Trader - Retailer,"Supplier of Services,Wholesale Business",2025.0,Interior Designers,Modular Kitchen,Modular Wardrobe,,Architectural & Designing Services,4.0,,1.0,4.0,4.0,25.0,25.0,0.0,1.0,,,,,,,9.0,14.0,,,,,,,7.0,7.0,7.0,6.0,4,2,0,0,1,1,0.5,34.5,,,0.0,0.0,already_in_touch_with_im (2); callback_requested (1),1.0,0.0,Zentrix Crafts And Solutions,vgFCPplus with PNS,0.0,LST,1,1,1,1,1,0,0
4343609,Meerut,Meerut,Uttar Pradesh,250002.0,meerut,Proprietorship,0 - 40 L,Trader - Retailer,"Wholesale Business,Retail Business",2017.0,Badminton Shuttlecock,Badminton Accessories,,Badminton Equipment,"Sports Goods, Games, Toys & Accessories",2.0,,,,,,,,,,,,,,,,,,,,,,,,,,,1,1,0,0,1,0,1.0,7.0,,,,,,,,Hermes Sports,vgFCPplus with PNS(R),0.0,TFL,1,1,1,1,1,0,0
14621909,Vasai Virar,Thane,Maharashtra,401209.0,,Proprietorship,0 - 40 L,,Supplier of Services,2025.0,Full Truck Load Transport Service,Part Truck Load Transport Service,Transportation Services,Transportation Services,"Packers & Movers, Clearing Agents & Logistic Services",8.0,,0.0,1.0,1.0,0.0,0.0,0.0,0.0,4.0,4.0,,,1.0,3.0,3.0,8.0,0.0,2.0,0.0,0.0,,,8.0,0.0,3.0,18.0,3,1,0,0,1,0,0.333,38.0,,,0.0,0.0,callback_requested (1),0.0,0.0,Payal Cargo Service,vgFCPplus with PNS(R),0.0,LST,1,1,1,1,1,0,0
49939718,Kalambur,Tiruvannamalai,Tamil Nadu,606903.0,Kalambur,Proprietorship,0 - 40 L,Service Provider and Others,"Retail Business,Office / Sale Office,Supplier of Services",2026.0,False Ceiling Services,L Shaped Modular Kitchen,Office Tables,False Ceiling Designing,Architectural & Designing Services,20.0,,3.0,12.0,24.0,25.0,12.5,2.0,1.0,,,,,0.0,1.0,0.0,6.0,1.0,1.0,1.0,1.0,,,22.0,0.0,7.0,24.0,4,1,1,0,0,0,0.25,33.0,,,0.0,0.0,not_interested (1),0.0,0.0,Jayam Interior,vgFCPplus with PNS,0.0,LST,1,1,1,1,1,1,1
58179081,New Delhi,Delhi,Delhi,110039.0,Bawana,Proprietorship,5 - 25 Cr,Trader - Retailer,"Factory / Manufacturing,Retail Business,Wholesale Business",2017.0,3 Ply Corrugated Box,Corrugated Box,Corrugated Packaging Boxes,Corrugated Packaging Boxes,"Packaging Material, Supplies & Machines",13.0,,,,,,,,,,,,,,,,,,,,,,,,,,,1,1,0,1,0,0,1.0,3.0,,,0.0,0.0,call_dropped (1),0.0,0.0,Siddhi Vinayak Plastic,vgFCPplus with PNS(R),0.0,LST,1,1,1,1,1,1,0
70382549,Noida,Greater Noida,Uttar Pradesh,201301.0,Sector 11,Proprietorship,0 - 40 L,Manufacturer,"Factory / Manufacturing,Retail Business",2017.0,Digital Temperature Controller,Molding Machines,Rubber Coupling,Temperature Controller,Electronics Components and Supplies,60.0,,0.0,9.0,20.0,0.0,0.0,0.0,0.0,,,3.0,3.0,7.0,27.0,,,10.0,38.0,6.0,27.0,1.0,0.0,99.0,6.0,30.0,20.0,4,4,1,1,1,1,1.0,39.2,,,0.0,0.0,callback_requested (2); call_dropped (1); meeting_fixed (1),0.0,0.0,Pal Electrical Works,vgFCPplus with PNS(G),0.0,LST,1,1,1,1,1,1,1
85065237,Ankleshwar,Bharuch,Gujarat,393002.0,Gidc,Proprietorship,40 L - 1.5 Cr,Trader - Wholesaler/Distributor,"Retail Business,Wholesale Business,Office / Sale Office",2017.0,Furniture,Furniture Sofa,Sofa Set,,"Furniture, Furniture Supplies & Furniture Hardware",10.0,,0.0,2.0,3.0,0.0,0.0,0.0,0.0,,,,,,,,,,,,,,,10.0,0.0,3.0,10.0,5,0,0,0,0,0,0.0,,,,,,,,,Ambica Furniture,qgFCP with PNS,0.0,LST,1,1,1,1,1,1,0
93099060,Jodhpur,Jodhpur,Rajasthan,342012.0,,Proprietorship,1.5 - 5 Cr,Manufacturer,"Retail Business,Factory / Manufacturing,Wholesale Business",2019.0,Cafe Chair,Carved Wooden Table,Chest Drawer,Cafeteria Chairs & Tables,"Furniture, Furniture Supplies & Furniture Hardware",32.0,,1.0,8.0,8.0,12.5,12.5,0.0,1.0,,,,,,,1.0,1.0,1.0,1.0,1.0,1.0,,,,,,,6,6,0,2,3,1,1.0,16.0,,,0.0,0.0,callback_requested (1); call_dropped (1); not_interested (1),0.0,1.0,The Metal Edge,vgFCPplus with PNS,0.0,LST,1,1,1,1,1,1,1
103509296,Agra,Agra,Uttar Pradesh,282001.0,,Proprietorship,0 - 40 L,Wholesaler/Distributor,"Wholesale Business,Retail Business",2023.0,Almond,Aloo Bhujia,Cheese Balls,Dry Fruits,"Vegetables, Fruits, Grains, Dairy Products & Other FMCG and Grocery Items",19.0,,,,,,,,,,,,,,,,,,,,,,,,,,,1,1,0,0,1,0,1.0,31.0,,,0.0,0.0,callback_requested (1),0.0,0.0,bhole traders,vgFCPplus with PNS(R),0.0,LST,1,1,1,1,1,1,0
114584804,Surat,Surat,Gujarat,394107.0,Surat,Proprietorship,0 - 40 L,,"Recipient of Goods or Services,Retail Business",2025.0,Kitchen Mat,Kitchen Timer,,Floor Mats,Home Furnishings and Home Textiles,2.0,,,,,,,,,4.0,4.0,,,,,1.0,1.0,,,,,,,3.0,3.0,3.0,,1,1,0,1,0,0,1.0,50.0,,,0.0,0.0,call_dropped (1),0.0,0.0,Zaveri,vgFCPplus with PNS,0.0,LST,1,1,1,1,1,0,0
129233622,Ahmedabad,Ahmedabad,Gujarat,382481.0,,Proprietorship,,Service Provider and Others,"Supplier of Services,Retail Business",2026.0,Almirah & Wardrobe,Flour Mill,Iron Almirah,,"Furniture, Furniture Supplies & Furniture Hardware",4.0,,0.0,1.0,1.0,0.0,0.0,0.0,0.0,,,1.0,1.0,,,3.0,3.0,,,,,,,12.0,12.0,12.0,,3,0,0,0,0,0,0.0,,,,,,,,,Siddhi Wealth,vgFCPplus with PNS,0.0,TFL,1,1,1,1,1,0,1
131750605,Kanpur,Kanpur,Uttar Pradesh,208020.0,bb,Proprietorship,,,"Retail Business,Wholesale Business",2026.0,Kamdhenu TMT Bars,Rungta TMT Bar,UltraTech Cement,TMT Bars,"Building Construction Material, Equipment, Civil Engineering and Real Estate",6.0,,,,,,,,,3.0,3.0,,,,,5.0,5.0,,,,,,,11.0,11.0,11.0,,1,1,1,0,0,0,1.0,65.0,,,,,,,,Sachan Traders,vgFCPplus with PNS(G),0.0,LST,1,1,1,1,1,0,0
146010610,Prayagraj,Prayagraj,Uttar Pradesh,211012.0,,Proprietorship,0 - 40 L,Service Provider and Others,Supplier of Services,2024.0,Part Truck Load Transport Service,Transportation Services,Goods Transport Services,Transportation Services,"Packers & Movers, Clearing Agents & Logistic Services",6.0,,0.0,1.0,10.0,0.0,0.0,0.0,0.0,1.0,1.0,,,0.0,101.0,0.0,31.0,2.0,18.0,2.0,11.0,1.0,0.0,15.0,0.0,9.0,19.0,1,1,1,0,0,0,1.0,96.0,,,0.0,0.0,meeting_fixed (1),0.0,0.0,KPR Tempo Services Packers And Movers,vgFCPplus with PNS(G),0.0,LST,1,1,1,1,1,0,1
146924766,Gorakhpur,Gorakhpur,Uttar Pradesh,273001.0,,Proprietorship,0 - 40 L,Trader - Wholesaler/Distributor,"Retail Business,Wholesale Business",2017.0,Cement Clinker,Hot Rolled Steel Angle Bar,Iron Rods,Roofing & Special Purpose Cements,"Building Construction Material, Equipment, Civil Engineering and Real Estate",10.0,,,,,,,,,,,,,,,,,,,,,,,,,,,2,2,0,0,1,1,1.0,176.0,,,,,,,,Santosh Iron & Steel Trading Co.,vgFCPplus with PNS(R),0.0,LST,1,1,1,1,1,0,0
148536957,Thane,Thane,Maharashtra,401107.0,Bhayandar East,Proprietorship,1.5 - 5 Cr,Retailer,Wholesale Business,2018.0,Electrical Switch Board,LED PAR Light,LED Par Can,Switchboards,Electrical Equipment and Supplies,4.0,,,,,,,,,,,,,,,,,,,,,,,,,,,1,1,0,0,0,1,1.0,86.0,,,0.0,0.0,callback_requested (1),0.0,0.0,Aditya Electricals,qgFCPplus with PNS,0.0,LST,1,1,1,1,1,0,0
184577152,Noida,Greater Noida,Uttar Pradesh,201301.0,,Proprietorship,1.5 - 5 Cr,Trader - Retailer,Retail Business,2017.0,32 inch LED TV,Air Conditioner Units,Automatic Washing Machine,LED TV,Consumer Electronics &  Household Appliances,8.0,,0.0,1.0,1.0,0.0,0.0,0.0,0.0,,,,,,,,,,,,,,,7.0,7.0,7.0,,1,1,1,0,0,0,1.0,42.0,,,0.0,0.0,meeting_fixed (1),0.0,0.0,Dwarikadhish Electronics,vgFCP with PNS,0.0,LST,1,1,1,1,1,0,0
203498530,Ludhiana,Ludhiana,Punjab,141014.0,,Proprietorship,0 - 40 L,Manufacturer,"Factory / Manufacturing,Retail Business,Wholesale Business",2021.0,Aluminum Washers,Fibre Washers,Flat Round Washer,Metal Washers,Mechanical Components & Parts,12.0,,,,,,,,,,,,,,,,,,,,,,,,,,,2,2,1,0,1,0,1.0,101.5,,,0.0,0.0,call_dropped (1); meeting_fixed (1),0.0,0.0,Areena Enterprises,vgFCPplus with PNS(G),0.0,TFL,1,1,1,1,1,1,0
210867787,Krishnagiri,Krishnagiri,Tamil Nadu,635203.0,,Proprietorship,0 - 40 L,Trader - Retailer,Retail Business,2025.0,Birla HIL Tile Adhesive,Birla White Wall Putty,Floor Tile Adhesive,Tile Adhesives,"Building Construction Material, Equipment, Civil Engineering and Real Estate",5.0,,0.0,2.0,2.0,0.0,0.0,0.0,0.0,,,,,,,4.0,4.0,,,,,,,13.0,13.0,13.0,14.0,3,0,0,0,0,0,0.0,,,,,,,,,Saravanabhava Traders,vgFCPplus with PNS,0.0,TFL,1,1,1,1,1,0,0
211860075,New Delhi,Delhi,Delhi,110015.0,,Proprietorship,0 - 40 L,Manufacturer,"Factory / Manufacturing,Retail Business,Works Contract,Recipient of Goods or Services,Supplier of Services",2021.0,Cello Tape,PVC Tape,BOPP Tapes,Stationery Tape,"Packaging Material, Supplies & Machines",3.0,,,,,,,,,,,,,,,,,,,,,,,,,,,1,1,1,0,0,0,1.0,59.0,,,0.0,0.0,meeting_fixed (1),0.0,0.0,Chowdhry Engineering Works,vgFCP with PNS,0.0,LST,1,1,1,1,1,0,0
225852776,Meerut,Meerut,Uttar Pradesh,250002.0,,Proprietorship,0 - 40 L,Trader - Wholesaler/Distributor,"Office / Sale Office,Wholesale Business,Warehouse / Depot",2024.0,Bonded Foam Sheets,Latex Foam,PU Foam,Foam Sheet,Home Furnishings and Home Textiles,22.0,,0.0,2.0,14.0,0.0,0.0,0.0,0.0,,,,,0.0,9.0,1.0,5.0,1.0,7.0,1.0,6.0,1.0,0.0,50.0,14.0,46.0,16.0,2,2,0,0,2,0,1.0,11.0,,,0.0,0.0,call_dropped (2),0.0,0.0,Gera Foam House,vgFCPplus with PNS,0.0,LST,1,1,1,1,1,0,0
